auction_id,market,market_name,census_id,population,small_market_indicator
108,AK-013,Aleutians East,02013,3141,Y
108,AK-016,Aleutians West,02016,5561,Y
108,AK-020,Anchorage,02020,291826,Y
108,AK-050,Bethel,02050,17013,Y
108,AK-068,Denali,02068,1826,Y
108,AK-070,Dillingham,02070,4847,Y
108,AK-090,Fairbanks North Star,02090,97581,Y
108,AK-100,Haines,02100,2508,Y
108,AK-105,Hoonah-Angoon,02105,2149,Y
108,AK-110,Juneau,02110,31275,Y
108,AK-122,Kenai Peninsula,02122,55400,Y
108,AK-130,Ketchikan Gateway,02130,13477,Y
108,AK-150,Kodiak Island,02150,13592,Y
108,AK-158,Kusilvak,02158,7459,Y
108,AK-170,Matanuska-Susitna,02170,88995,Y
108,AK-180,Nome,02180,9492,Y
108,AK-195,Petersburg,02195,3203,Y
108,AK-198,Prince of Wales-Hyder,02198,6172,Y
108,AK-230,Skagway,02230,968,Y
108,AK-240,Southeast Fairbanks,02240,7029,Y
108,AK-261,Valdez-Cordova,02261,9636,Y
108,AK-275,Wrangell,02275,2369,Y
108,AK-282,Yakutat,02282,662,Y
108,AK-290,Yukon-Koyukuk,02290,5588,Y
108,AL-001,Autauga,01001,54571,Y
108,AL-003,Baldwin,01003,182265,N
108,AL-005,Barbour,01005,27457,Y
108,AL-007,Bibb,01007,22915,Y
108,AL-009,Blount,01009,57322,Y
108,AL-011,Bullock,01011,10914,Y
108,AL-013,Butler,01013,20947,Y
108,AL-015,Calhoun,01015,118572,N
108,AL-019,Cherokee,01019,25989,Y
108,AL-021,Chilton,01021,43643,Y
108,AL-023,Choctaw,01023,13859,Y
108,AL-025,Clarke,01025,25833,N
108,AL-027,Clay,01027,13932,Y
108,AL-031,Coffee,01031,49948,Y
108,AL-035,Conecuh,01035,13228,N
108,AL-037,Coosa,01037,11539,Y
108,AL-039,Covington,01039,37765,Y
108,AL-041,Crenshaw,01041,13906,Y
108,AL-043,Cullman,01043,80406,Y
108,AL-045,Dale,01045,50251,Y
108,AL-047,Dallas,01047,43820,Y
108,AL-049,DeKalb,01049,71109,N
108,AL-051,Elmore,01051,79303,Y
108,AL-053,Escambia,01053,38319,N
108,AL-055,Etowah,01055,104430,N
108,AL-057,Fayette,01057,17241,Y
108,AL-059,Franklin,01059,31704,N
108,AL-061,Geneva,01061,26790,Y
108,AL-063,Greene,01063,9045,Y
108,AL-065,Hale,01065,15760,Y
108,AL-067,Henry,01067,17302,Y
108,AL-069,Houston,01069,101547,Y
108,AL-071,Jackson,01071,53227,N
108,AL-073,Jefferson,01073,658466,N
108,AL-075,Lamar,01075,14564,Y
108,AL-077,Lauderdale,01077,92709,N
108,AL-079,Lawrence,01079,34339,N
108,AL-083,Limestone,01083,82782,N
108,AL-085,Lowndes,01085,11299,Y
108,AL-087,Macon,01087,21452,Y
108,AL-091,Marengo,01091,21027,Y
108,AL-093,Marion,01093,30776,Y
108,AL-095,Marshall,01095,93019,N
108,AL-097,Mobile,01097,412992,N
108,AL-099,Monroe,01099,23068,N
108,AL-101,Montgomery,01101,229363,Y
108,AL-103,Morgan,01103,119490,N
108,AL-105,Perry,01105,10591,Y
108,AL-107,Pickens,01107,19746,Y
108,AL-109,Pike,01109,32899,Y
108,AL-111,Randolph,01111,22913,Y
108,AL-115,St. Clair,01115,83593,N
108,AL-117,Shelby,01117,195085,N
108,AL-119,Sumter,01119,13763,Y
108,AL-121,Talladega,01121,82291,N
108,AL-123,Tallapoosa,01123,41616,Y
108,AL-125,Tuscaloosa,01125,194656,N
108,AL-127,Walker,01127,67023,N
108,AL-129,Washington,01129,17581,N
108,AL-131,Wilcox,01131,11670,N
108,AL-133,Winston,01133,24484,Y
108,AR-001,Arkansas,05001,19019,Y
108,AR-003,Ashley,05003,21853,Y
108,AR-005,Baxter,05005,41513,N
108,AR-009,Boone,05009,36903,N
108,AR-011,Bradley,05011,11508,Y
108,AR-013,Calhoun,05013,5368,Y
108,AR-015,Carroll,05015,27446,N
108,AR-017,Chicot,05017,11800,Y
108,AR-019,Clark,05019,22995,Y
108,AR-021,Clay,05021,16083,Y
108,AR-023,Cleburne,05023,25970,N
108,AR-025,Cleveland,05025,8689,Y
108,AR-029,Conway,05029,21273,N
108,AR-031,Craighead,05031,96443,Y
108,AR-035,Crittenden,05035,50902,N
108,AR-039,Dallas,05039,8116,Y
108,AR-041,Desha,05041,13008,Y
108,AR-043,Drew,05043,18509,Y
108,AR-045,Faulkner,05045,113237,N
108,AR-047,Franklin,05047,18125,Y
108,AR-049,Fulton,05049,12245,N
108,AR-053,Grant,05053,17853,Y
108,AR-057,Hempstead,05057,22609,Y
108,AR-061,Howard,05061,13789,Y
108,AR-063,Independence,05063,36647,N
108,AR-065,Izard,05065,13696,N
108,AR-067,Jackson,05067,17997,N
108,AR-069,Jefferson,05069,77435,N
108,AR-071,Johnson,05071,25540,N
108,AR-073,Lafayette,05073,7645,Y
108,AR-075,Lawrence,05075,17415,Y
108,AR-081,Little River,05081,13171,Y
108,AR-083,Logan,05083,22353,Y
108,AR-085,Lonoke,05085,68356,N
108,AR-087,Madison,05087,15717,N
108,AR-089,Marion,05089,16653,N
108,AR-091,Miller,05091,43462,Y
108,AR-093,Mississippi,05093,46480,Y
108,AR-095,Monroe,05095,8149,Y
108,AR-097,Montgomery,05097,9487,Y
108,AR-099,Nevada,05099,8997,Y
108,AR-101,Newton,05101,8330,N
108,AR-103,Ouachita,05103,26120,Y
108,AR-105,Perry,05105,10445,N
108,AR-107,Phillips,05107,21757,Y
108,AR-109,Pike,05109,11291,Y
108,AR-111,Poinsett,05111,24583,Y
108,AR-113,Polk,05113,20662,Y
108,AR-115,Pope,05115,61754,N
108,AR-117,Prairie,05117,8715,N
108,AR-119,Pulaski,05119,382748,N
108,AR-121,Randolph,05121,17969,Y
108,AR-125,Saline,05125,107118,N
108,AR-127,Scott,05127,11233,Y
108,AR-129,Searcy,05129,8195,N
108,AR-131,Sebastian,05131,125744,Y
108,AR-133,Sevier,05133,17058,Y
108,AR-135,Sharp,05135,17264,N
108,AR-137,Stone,05137,12394,N
108,AR-139,Union,05139,41639,Y
108,AR-141,Van Buren,05141,17295,N
108,AR-149,Yell,05149,22185,N
108,AS-010,Eastern,60010,23030,Y
108,AS-020,Manu'a,60020,1143,Y
108,AS-030,Rose Island,60030,0,Y
108,AS-040,Swains Island,60040,17,Y
108,AS-050,Western,60050,31329,Y
108,AZ-001,Apache,04001,71518,Y
108,AZ-003,Cochise,04003,131346,N
108,AZ-005,Coconino,04005,134421,Y
108,AZ-007,Gila,04007,53597,Y
108,AZ-009,Graham,04009,37220,Y
108,AZ-011,Greenlee,04011,8437,Y
108,AZ-012,La Paz,04012,20489,Y
108,AZ-013,Maricopa,04013,3817117,N
108,AZ-015,Mohave,04015,200186,N
108,AZ-017,Navajo,04017,107449,Y
108,AZ-019,Pima,04019,980263,N
108,AZ-021,Pinal,04021,375770,Y
108,AZ-023,Santa Cruz,04023,47420,N
108,AZ-025,Yavapai,04025,211033,Y
108,AZ-027,Yuma,04027,195751,Y
108,CA-003,Alpine,06003,1175,N
108,CA-005,Amador,06005,38091,N
108,CA-007,Butte,06007,220000,N
108,CA-009,Calaveras,06009,45578,Y
108,CA-011,Colusa,06011,21419,N
108,CA-013,Contra Costa,06013,1049025,N
108,CA-015,Del Norte,06015,28610,N
108,CA-017,El Dorado,06017,181058,N
108,CA-019,Fresno,06019,930450,N
108,CA-021,Glenn,06021,28122,N
108,CA-023,Humboldt,06023,134623,Y
108,CA-025,Imperial,06025,174528,Y
108,CA-027,Inyo,06027,18546,N
108,CA-029,Kern,06029,839631,N
108,CA-031,Kings,06031,152982,N
108,CA-033,Lake,06033,64665,Y
108,CA-035,Lassen,06035,34895,N
108,CA-037,Los Angeles,06037,9818605,N
108,CA-039,Madera,06039,150865,N
108,CA-041,Marin,06041,252409,N
108,CA-043,Mariposa,06043,18251,Y
108,CA-045,Mendocino,06045,87841,Y
108,CA-047,Merced,06047,255793,Y
108,CA-049,Modoc,06049,9686,Y
108,CA-051,Mono,06051,14202,N
108,CA-053,Monterey,06053,415057,N
108,CA-055,Napa,06055,136484,N
108,CA-057,Nevada,06057,98764,N
108,CA-061,Placer,06061,348432,N
108,CA-063,Plumas,06063,20007,N
108,CA-065,Riverside,06065,2189641,N
108,CA-067,Sacramento,06067,1418788,N
108,CA-069,San Benito,06069,55269,Y
108,CA-071,San Bernardino,06071,2035210,N
108,CA-073,San Diego,06073,3095313,N
108,CA-077,San Joaquin,06077,685306,N
108,CA-079,San Luis Obispo,06079,269637,N
108,CA-081,San Mateo,06081,718451,N
108,CA-083,Santa Barbara,06083,423895,N
108,CA-085,Santa Clara,06085,1781642,N
108,CA-087,Santa Cruz,06087,262382,N
108,CA-089,Shasta,06089,177223,Y
108,CA-091,Sierra,06091,3240,N
108,CA-093,Siskiyou,06093,44900,Y
108,CA-095,Solano,06095,413344,N
108,CA-097,Sonoma,06097,483878,N
108,CA-099,Stanislaus,06099,514453,N
108,CA-103,Tehama,06103,63463,Y
108,CA-105,Trinity,06105,13786,Y
108,CA-107,Tulare,06107,442179,N
108,CA-109,Tuolumne,06109,55365,Y
108,CA-111,Ventura,06111,823318,N
108,CA-113,Yolo,06113,200849,N
108,CA-115,Yuba,06115,72155,N
108,CO-001,Adams,08001,441603,N
108,CO-003,Alamosa,08003,15445,Y
108,CO-005,Arapahoe,08005,572003,N
108,CO-007,Archuleta,08007,12084,Y
108,CO-009,Baca,08009,3788,Y
108,CO-011,Bent,08011,6499,Y
108,CO-013,Boulder,08013,294567,N
108,CO-015,Chaffee,08015,17809,N
108,CO-017,Cheyenne,08017,1836,Y
108,CO-019,Clear Creek,08019,9088,N
108,CO-021,Conejos,08021,8256,Y
108,CO-023,Costilla,08023,3524,Y
108,CO-025,Crowley,08025,5823,Y
108,CO-027,Custer,08027,4255,N
108,CO-029,Delta,08029,30952,N
108,CO-031,Denver,08031,600158,N
108,CO-033,Dolores,08033,2064,Y
108,CO-035,Douglas,08035,285465,N
108,CO-037,Eagle,08037,52197,N
108,CO-039,Elbert,08039,23086,Y
108,CO-041,El Paso,08041,622263,N
108,CO-043,Fremont,08043,46824,N
108,CO-045,Garfield,08045,56389,N
108,CO-049,Grand,08049,14843,N
108,CO-051,Gunnison,08051,15324,N
108,CO-053,Hinsdale,08053,843,N
108,CO-055,Huerfano,08055,6711,Y
108,CO-057,Jackson,08057,1394,N
108,CO-059,Jefferson,08059,534543,N
108,CO-061,Kiowa,08061,1398,Y
108,CO-063,Kit Carson,08063,8270,Y
108,CO-065,Lake,08065,7310,N
108,CO-067,La Plata,08067,51334,Y
108,CO-069,Larimer,08069,299630,N
108,CO-071,Las Animas,08071,15507,Y
108,CO-073,Lincoln,08073,5467,Y
108,CO-075,Logan,08075,22709,Y
108,CO-077,Mesa,08077,146723,N
108,CO-079,Mineral,08079,712,Y
108,CO-081,Moffat,08081,13795,N
108,CO-083,Montezuma,08083,25535,Y
108,CO-085,Montrose,08085,41276,N
108,CO-087,Morgan,08087,28159,Y
108,CO-089,Otero,08089,18831,Y
108,CO-091,Ouray,08091,4436,N
108,CO-093,Park,08093,16206,N
108,CO-095,Phillips,08095,4442,Y
108,CO-097,Pitkin,08097,17148,N
108,CO-099,Prowers,08099,12551,Y
108,CO-101,Pueblo,08101,159063,Y
108,CO-103,Rio Blanco,08103,6666,N
108,CO-105,Rio Grande,08105,11982,Y
108,CO-107,Routt,08107,23509,N
108,CO-109,Saguache,08109,6108,Y
108,CO-111,San Juan,08111,699,Y
108,CO-113,San Miguel,08113,7359,N
108,CO-115,Sedgwick,08115,2379,Y
108,CO-117,Summit,08117,27994,N
108,CO-119,Teller,08119,23350,N
108,CO-121,Washington,08121,4814,Y
108,CO-123,Weld,08123,252825,N
108,CO-125,Yuma,08125,10043,Y
108,CT-001,Fairfield,09001,916829,N
108,CT-003,Hartford,09003,894014,N
108,CT-005,Litchfield,09005,189927,N
108,CT-007,Middlesex,09007,165676,N
108,CT-009,New Haven,09009,862477,N
108,CT-011,New London,09011,274055,N
108,CT-013,Tolland,09013,152691,N
108,CT-015,Windham,09015,118428,N
108,DE-001,Kent,10001,162310,N
108,DE-003,New Castle,10003,538479,N
108,DE-005,Sussex,10005,197145,Y
108,FL-001,Alachua,12001,247336,N
108,FL-003,Baker,12003,27115,N
108,FL-009,Brevard,12009,543376,N
108,FL-011,Broward,12011,1748066,N
108,FL-013,Calhoun,12013,14625,N
108,FL-017,Citrus,12017,141236,N
108,FL-019,Clay,12019,190865,N
108,FL-021,Collier,12021,321520,N
108,FL-023,Columbia,12023,67531,N
108,FL-027,DeSoto,12027,34862,N
108,FL-029,Dixie,12029,16422,N
108,FL-033,Escambia,12033,297619,N
108,FL-035,Flagler,12035,95696,N
108,FL-037,Franklin,12037,11549,N
108,FL-039,Gadsden,12039,46389,N
108,FL-041,Gilchrist,12041,16939,N
108,FL-043,Glades,12043,12884,N
108,FL-045,Gulf,12045,15863,N
108,FL-047,Hamilton,12047,14799,N
108,FL-049,Hardee,12049,27731,N
108,FL-051,Hendry,12051,39140,N
108,FL-053,Hernando,12053,172778,N
108,FL-055,Highlands,12055,98786,N
108,FL-059,Holmes,12059,19927,Y
108,FL-061,Indian River,12061,138028,N
108,FL-063,Jackson,12063,49746,N
108,FL-065,Jefferson,12065,14761,N
108,FL-067,Lafayette,12067,8870,N
108,FL-069,Lake,12069,297052,N
108,FL-073,Leon,12073,275487,N
108,FL-075,Levy,12075,40801,N
108,FL-077,Liberty,12077,8365,N
108,FL-079,Madison,12079,19224,N
108,FL-083,Marion,12083,331298,N
108,FL-085,Martin,12085,146318,N
108,FL-086,Miami-Dade,12086,2496435,N
108,FL-087,Monroe,12087,73090,N
108,FL-089,Nassau,12089,73314,N
108,FL-091,Okaloosa,12091,180822,N
108,FL-093,Okeechobee,12093,39996,N
108,FL-095,Orange,12095,1145956,N
108,FL-097,Osceola,12097,268685,N
108,FL-099,Palm Beach,12099,1320134,N
108,FL-101,Pasco,12101,464697,N
108,FL-105,Polk,12105,602095,N
108,FL-107,Putnam,12107,74364,N
108,FL-109,St. Johns,12109,190039,N
108,FL-117,Seminole,12117,422718,N
108,FL-119,Sumter,12119,93420,N
108,FL-121,Suwannee,12121,41551,N
108,FL-123,Taylor,12123,22570,N
108,FL-127,Volusia,12127,494593,N
108,FL-129,Wakulla,12129,30776,N
108,FL-131,Walton,12131,55043,N
108,GA-001,Appling,13001,18236,Y
108,GA-003,Atkinson,13003,8375,Y
108,GA-005,Bacon,13005,11096,Y
108,GA-007,Baker,13007,3451,Y
108,GA-015,Bartow,13015,100157,Y
108,GA-017,Ben Hill,13017,17634,Y
108,GA-025,Brantley,13025,18411,Y
108,GA-027,Brooks,13027,16243,Y
108,GA-029,Bryan,13029,30233,Y
108,GA-031,Bulloch,13031,70217,Y
108,GA-033,Burke,13033,23316,Y
108,GA-035,Butts,13035,23655,N
108,GA-037,Calhoun,13037,6694,Y
108,GA-039,Camden,13039,50513,Y
108,GA-043,Candler,13043,10998,Y
108,GA-045,Carroll,13045,110527,N
108,GA-047,Catoosa,13047,63942,N
108,GA-049,Charlton,13049,12171,Y
108,GA-051,Chatham,13051,265128,Y
108,GA-055,Chattooga,13055,26015,Y
108,GA-057,Cherokee,13057,214346,N
108,GA-061,Clay,13061,3183,Y
108,GA-063,Clayton,13063,259424,N
108,GA-065,Clinch,13065,6798,Y
108,GA-067,Cobb,13067,688078,N
108,GA-069,Coffee,13069,42356,Y
108,GA-071,Colquitt,13071,45498,Y
108,GA-077,Coweta,13077,127317,N
108,GA-079,Crawford,13079,12630,Y
108,GA-081,Crisp,13081,23439,Y
108,GA-083,Dade,13083,16633,N
108,GA-085,Dawson,13085,22330,N
108,GA-087,Decatur,13087,27842,N
108,GA-089,DeKalb,13089,691893,N
108,GA-091,Dodge,13091,21796,Y
108,GA-093,Dooly,13093,14918,Y
108,GA-095,Dougherty,13095,94565,Y
108,GA-097,Douglas,13097,132403,N
108,GA-099,Early,13099,11008,N
108,GA-101,Echols,13101,4034,Y
108,GA-103,Effingham,13103,52250,Y
108,GA-105,Elbert,13105,20166,N
108,GA-107,Emanuel,13107,22598,Y
108,GA-109,Evans,13109,11000,Y
108,GA-111,Fannin,13111,23682,Y
108,GA-113,Fayette,13113,106567,N
108,GA-115,Floyd,13115,96317,Y
108,GA-117,Forsyth,13117,175511,N
108,GA-119,Franklin,13119,22084,N
108,GA-121,Fulton,13121,920581,N
108,GA-123,Gilmer,13123,28292,Y
108,GA-127,Glynn,13127,79626,Y
108,GA-129,Gordon,13129,55186,Y
108,GA-131,Grady,13131,25011,N
108,GA-137,Habersham,13137,43041,N
108,GA-141,Hancock,13141,9429,Y
108,GA-143,Haralson,13143,28780,N
108,GA-147,Hart,13147,25213,N
108,GA-151,Henry,13151,203922,N
108,GA-153,Houston,13153,139900,Y
108,GA-155,Irwin,13155,9538,Y
108,GA-161,Jeff Davis,13161,15068,Y
108,GA-163,Jefferson,13163,16930,Y
108,GA-165,Jenkins,13165,8340,Y
108,GA-167,Johnson,13167,9980,Y
108,GA-171,Lamar,13171,18317,N
108,GA-175,Laurens,13175,48434,Y
108,GA-177,Lee,13177,28298,Y
108,GA-179,Liberty,13179,63453,Y
108,GA-181,Lincoln,13181,7996,N
108,GA-183,Long,13183,14464,Y
108,GA-185,Lowndes,13185,109233,Y
108,GA-187,Lumpkin,13187,29966,N
108,GA-191,McIntosh,13191,14333,Y
108,GA-195,Madison,13195,28120,N
108,GA-199,Meriwether,13199,21992,N
108,GA-201,Miller,13201,6125,N
108,GA-205,Mitchell,13205,23498,Y
108,GA-207,Monroe,13207,26424,Y
108,GA-209,Montgomery,13209,9123,Y
108,GA-213,Murray,13213,39628,Y
108,GA-217,Newton,13217,99958,N
108,GA-221,Oglethorpe,13221,14899,N
108,GA-223,Paulding,13223,142324,N
108,GA-227,Pickens,13227,29431,Y
108,GA-229,Pierce,13229,18758,Y
108,GA-231,Pike,13231,17869,N
108,GA-233,Polk,13233,41475,Y
108,GA-235,Pulaski,13235,12010,Y
108,GA-239,Quitman,13239,2513,Y
108,GA-241,Rabun,13241,16276,N
108,GA-243,Randolph,13243,7719,Y
108,GA-247,Rockdale,13247,85215,N
108,GA-251,Screven,13251,14593,Y
108,GA-253,Seminole,13253,8729,N
108,GA-255,Spalding,13255,64073,N
108,GA-257,Stephens,13257,26175,N
108,GA-259,Stewart,13259,6058,Y
108,GA-261,Sumter,13261,32819,Y
108,GA-265,Taliaferro,13265,1717,N
108,GA-267,Tattnall,13267,25520,Y
108,GA-271,Telfair,13271,16500,Y
108,GA-273,Terrell,13273,9315,Y
108,GA-275,Thomas,13275,44720,N
108,GA-277,Tift,13277,40118,Y
108,GA-279,Toombs,13279,27223,Y
108,GA-281,Towns,13281,10471,Y
108,GA-283,Treutlen,13283,6885,Y
108,GA-287,Turner,13287,8930,Y
108,GA-291,Union,13291,21356,Y
108,GA-293,Upson,13293,27153,N
108,GA-295,Walker,13295,68756,N
108,GA-299,Ware,13299,36312,Y
108,GA-301,Warren,13301,5834,Y
108,GA-303,Washington,13303,21187,Y
108,GA-305,Wayne,13305,30099,Y
108,GA-307,Webster,13307,2799,Y
108,GA-309,Wheeler,13309,7421,Y
108,GA-311,White,13311,27144,N
108,GA-313,Whitfield,13313,102599,Y
108,GA-315,Wilcox,13315,9255,Y
108,GA-317,Wilkes,13317,10593,N
108,GA-321,Worth,13321,21679,Y
108,GU-010,Guam,66010,159358,Y
108,HI-001,Hawaii,15001,185079,N
108,HI-003,Honolulu,15003,953207,N
108,HI-005,Kalawao,15005,90,N
108,HI-007,Kauai,15007,67091,N
108,HI-009,Maui,15009,154834,N
108,IA-001,Adair,19001,7682,Y
108,IA-003,Adams,19003,4029,Y
108,IA-005,Allamakee,19005,14330,Y
108,IA-007,Appanoose,19007,12887,Y
108,IA-009,Audubon,19009,6119,Y
108,IA-011,Benton,19011,26076,Y
108,IA-013,Black Hawk,19013,131090,Y
108,IA-015,Boone,19015,26306,Y
108,IA-017,Bremer,19017,24276,Y
108,IA-019,Buchanan,19019,20958,Y
108,IA-021,Buena Vista,19021,20260,Y
108,IA-023,Butler,19023,14867,Y
108,IA-025,Calhoun,19025,9670,Y
108,IA-027,Carroll,19027,20816,Y
108,IA-029,Cass,19029,13956,Y
108,IA-031,Cedar,19031,18499,Y
108,IA-033,Cerro Gordo,19033,44151,Y
108,IA-035,Cherokee,19035,12072,Y
108,IA-037,Chickasaw,19037,12439,Y
108,IA-039,Clarke,19039,9286,Y
108,IA-041,Clay,19041,16667,Y
108,IA-043,Clayton,19043,18129,Y
108,IA-045,Clinton,19045,49116,Y
108,IA-047,Crawford,19047,17096,Y
108,IA-049,Dallas,19049,66135,N
108,IA-051,Davis,19051,8753,Y
108,IA-053,Decatur,19053,8457,Y
108,IA-055,Delaware,19055,17764,Y
108,IA-057,Des Moines,19057,40325,Y
108,IA-061,Dubuque,19061,93653,Y
108,IA-063,Emmet,19063,10302,Y
108,IA-065,Fayette,19065,20880,Y
108,IA-067,Floyd,19067,16303,Y
108,IA-069,Franklin,19069,10680,Y
108,IA-071,Fremont,19071,7441,Y
108,IA-073,Greene,19073,9336,Y
108,IA-075,Grundy,19075,12453,Y
108,IA-077,Guthrie,19077,10954,Y
108,IA-079,Hamilton,19079,15673,Y
108,IA-081,Hancock,19081,11341,Y
108,IA-083,Hardin,19083,17534,Y
108,IA-085,Harrison,19085,14928,Y
108,IA-087,Henry,19087,20145,Y
108,IA-089,Howard,19089,9566,Y
108,IA-091,Humboldt,19091,9815,Y
108,IA-093,Ida,19093,7089,Y
108,IA-095,Iowa,19095,16355,Y
108,IA-097,Jackson,19097,19848,Y
108,IA-099,Jasper,19099,36842,Y
108,IA-101,Jefferson,19101,16843,Y
108,IA-103,Johnson,19103,130882,Y
108,IA-105,Jones,19105,20638,Y
108,IA-107,Keokuk,19107,10511,Y
108,IA-109,Kossuth,19109,15543,Y
108,IA-111,Lee,19111,35862,Y
108,IA-113,Linn,19113,211226,Y
108,IA-115,Louisa,19115,11387,Y
108,IA-117,Lucas,19117,8898,Y
108,IA-119,Lyon,19119,11581,Y
108,IA-121,Madison,19121,15679,Y
108,IA-123,Mahaska,19123,22381,Y
108,IA-125,Marion,19125,33309,Y
108,IA-127,Marshall,19127,40648,Y
108,IA-129,Mills,19129,15059,Y
108,IA-131,Mitchell,19131,10776,Y
108,IA-133,Monona,19133,9243,Y
108,IA-135,Monroe,19135,7970,Y
108,IA-137,Montgomery,19137,10740,Y
108,IA-139,Muscatine,19139,42745,Y
108,IA-141,O'Brien,19141,14398,Y
108,IA-143,Osceola,19143,6462,N
108,IA-145,Page,19145,15932,Y
108,IA-147,Palo Alto,19147,9421,Y
108,IA-149,Plymouth,19149,24986,Y
108,IA-151,Pocahontas,19151,7310,Y
108,IA-155,Pottawattamie,19155,93158,N
108,IA-157,Poweshiek,19157,18914,Y
108,IA-159,Ringgold,19159,5131,Y
108,IA-161,Sac,19161,10350,Y
108,IA-163,Scott,19163,165224,Y
108,IA-165,Shelby,19165,12167,Y
108,IA-167,Sioux,19167,33704,Y
108,IA-169,Story,19169,89542,Y
108,IA-171,Tama,19171,17767,Y
108,IA-173,Taylor,19173,6317,Y
108,IA-175,Union,19175,12534,Y
108,IA-177,Van Buren,19177,7570,Y
108,IA-179,Wapello,19179,35625,Y
108,IA-181,Warren,19181,46225,N
108,IA-183,Washington,19183,21704,Y
108,IA-185,Wayne,19185,6403,Y
108,IA-187,Webster,19187,38013,Y
108,IA-189,Winnebago,19189,10866,Y
108,IA-191,Winneshiek,19191,21056,Y
108,IA-193,Woodbury,19193,102172,Y
108,IA-195,Worth,19195,7598,Y
108,IA-197,Wright,19197,13229,Y
108,ID-001,Ada,16001,392365,Y
108,ID-003,Adams,16003,3976,Y
108,ID-005,Bannock,16005,82839,Y
108,ID-007,Bear Lake,16007,5986,Y
108,ID-009,Benewah,16009,9285,Y
108,ID-011,Bingham,16011,45607,Y
108,ID-013,Blaine,16013,21376,Y
108,ID-015,Boise,16015,7028,Y
108,ID-017,Bonner,16017,40877,Y
108,ID-019,Bonneville,16019,104234,Y
108,ID-021,Boundary,16021,10972,Y
108,ID-023,Butte,16023,2891,Y
108,ID-025,Camas,16025,1117,Y
108,ID-027,Canyon,16027,188923,Y
108,ID-029,Caribou,16029,6963,Y
108,ID-031,Cassia,16031,22952,Y
108,ID-033,Clark,16033,982,Y
108,ID-035,Clearwater,16035,8761,Y
108,ID-037,Custer,16037,4368,Y
108,ID-039,Elmore,16039,27038,Y
108,ID-041,Franklin,16041,12786,Y
108,ID-043,Fremont,16043,13242,Y
108,ID-045,Gem,16045,16719,Y
108,ID-047,Gooding,16047,15464,Y
108,ID-049,Idaho,16049,16267,Y
108,ID-051,Jefferson,16051,26140,Y
108,ID-055,Kootenai,16055,138494,Y
108,ID-057,Latah,16057,37244,Y
108,ID-059,Lemhi,16059,7936,Y
108,ID-061,Lewis,16061,3821,Y
108,ID-063,Lincoln,16063,5208,Y
108,ID-065,Madison,16065,37536,Y
108,ID-067,Minidoka,16067,20069,Y
108,ID-069,Nez Perce,16069,39265,Y
108,ID-071,Oneida,16071,4286,Y
108,ID-073,Owyhee,16073,11526,Y
108,ID-075,Payette,16075,22623,Y
108,ID-077,Power,16077,7817,Y
108,ID-079,Shoshone,16079,12765,Y
108,ID-081,Teton,16081,10170,Y
108,ID-083,Twin Falls,16083,77230,Y
108,ID-085,Valley,16085,9862,Y
108,ID-087,Washington,16087,10198,Y
108,IL-001,Adams,17001,67103,Y
108,IL-003,Alexander,17003,8238,Y
108,IL-005,Bond,17005,17768,N
108,IL-007,Boone,17007,54165,N
108,IL-009,Brown,17009,6937,Y
108,IL-011,Bureau,17011,34978,Y
108,IL-013,Calhoun,17013,5089,Y
108,IL-017,Cass,17017,13642,Y
108,IL-019,Champaign,17019,201081,N
108,IL-023,Clark,17023,16335,N
108,IL-025,Clay,17025,13815,N
108,IL-027,Clinton,17027,37762,N
108,IL-029,Coles,17029,53873,N
108,IL-031,Cook,17031,5194675,N
108,IL-033,Crawford,17033,19817,Y
108,IL-035,Cumberland,17035,11048,N
108,IL-037,DeKalb,17037,105160,Y
108,IL-039,De Witt,17039,16561,Y
108,IL-041,Douglas,17041,19980,N
108,IL-045,Edgar,17045,18576,N
108,IL-047,Edwards,17047,6721,Y
108,IL-049,Effingham,17049,34242,N
108,IL-051,Fayette,17051,22140,N
108,IL-053,Ford,17053,14081,N
108,IL-055,Franklin,17055,39561,Y
108,IL-057,Fulton,17057,37069,Y
108,IL-059,Gallatin,17059,5589,Y
108,IL-061,Greene,17061,13886,Y
108,IL-063,Grundy,17063,50063,N
108,IL-067,Hancock,17067,19104,Y
108,IL-069,Hardin,17069,4320,Y
108,IL-073,Henry,17073,50486,Y
108,IL-075,Iroquois,17075,29718,Y
108,IL-077,Jackson,17077,60218,Y
108,IL-079,Jasper,17079,9698,N
108,IL-081,Jefferson,17081,38827,Y
108,IL-083,Jersey,17083,22985,Y
108,IL-085,Jo Daviess,17085,22678,Y
108,IL-087,Johnson,17087,12582,Y
108,IL-089,Kane,17089,515269,N
108,IL-091,Kankakee,17091,113449,N
108,IL-093,Kendall,17093,114736,N
108,IL-095,Knox,17095,52919,Y
108,IL-097,Lake,17097,703462,N
108,IL-099,LaSalle,17099,113924,Y
108,IL-101,Lawrence,17101,16833,Y
108,IL-103,Lee,17103,36031,Y
108,IL-105,Livingston,17105,38950,Y
108,IL-107,Logan,17107,30305,Y
108,IL-111,McHenry,17111,308760,N
108,IL-113,McLean,17113,169572,Y
108,IL-115,Macon,17115,110768,N
108,IL-117,Macoupin,17117,47765,Y
108,IL-119,Madison,17119,269282,Y
108,IL-121,Marion,17121,39437,N
108,IL-123,Marshall,17123,12640,Y
108,IL-125,Mason,17125,14666,Y
108,IL-127,Massac,17127,15429,Y
108,IL-129,Menard,17129,12705,Y
108,IL-131,Mercer,17131,16434,Y
108,IL-135,Montgomery,17135,30104,Y
108,IL-137,Morgan,17137,35547,Y
108,IL-139,Moultrie,17139,14846,N
108,IL-141,Ogle,17141,53497,Y
108,IL-143,Peoria,17143,186494,Y
108,IL-145,Perry,17145,22350,Y
108,IL-147,Piatt,17147,16729,N
108,IL-149,Pike,17149,16430,Y
108,IL-151,Pope,17151,4470,Y
108,IL-153,Pulaski,17153,6161,Y
108,IL-155,Putnam,17155,6006,Y
108,IL-157,Randolph,17157,33476,Y
108,IL-159,Richland,17159,16233,Y
108,IL-161,Rock Island,17161,147546,Y
108,IL-163,St. Clair,17163,270056,N
108,IL-165,Saline,17165,24913,Y
108,IL-167,Sangamon,17167,197465,Y
108,IL-169,Schuyler,17169,7544,Y
108,IL-171,Scott,17171,5355,Y
108,IL-173,Shelby,17173,22363,N
108,IL-175,Stark,17175,5994,Y
108,IL-177,Stephenson,17177,47711,Y
108,IL-179,Tazewell,17179,135394,Y
108,IL-181,Union,17181,17808,Y
108,IL-183,Vermilion,17183,81625,N
108,IL-185,Wabash,17185,11947,Y
108,IL-189,Washington,17189,14716,Y
108,IL-191,Wayne,17191,16760,Y
108,IL-195,Whiteside,17195,58498,Y
108,IL-197,Will,17197,677560,N
108,IL-199,Williamson,17199,66357,Y
108,IL-201,Winnebago,17201,295266,N
108,IL-203,Woodford,17203,38664,Y
108,IN-001,Adams,18001,34387,N
108,IN-005,Bartholomew,18005,76794,Y
108,IN-007,Benton,18007,8854,N
108,IN-009,Blackford,18009,12766,N
108,IN-017,Cass,18017,38966,N
108,IN-019,Clark,18019,110232,N
108,IN-021,Clay,18021,26890,N
108,IN-025,Crawford,18025,10713,Y
108,IN-027,Daviess,18027,31648,Y
108,IN-029,Dearborn,18029,50047,Y
108,IN-031,Decatur,18031,25740,Y
108,IN-033,DeKalb,18033,42223,N
108,IN-037,Dubois,18037,41889,Y
108,IN-045,Fountain,18045,17240,N
108,IN-047,Franklin,18047,23087,Y
108,IN-049,Fulton,18049,20836,N
108,IN-051,Gibson,18051,33503,Y
108,IN-053,Grant,18053,70061,N
108,IN-055,Greene,18055,33165,N
108,IN-061,Harrison,18061,39364,Y
108,IN-069,Huntington,18069,37124,N
108,IN-071,Jackson,18071,42376,Y
108,IN-073,Jasper,18073,33478,Y
108,IN-075,Jay,18075,21253,N
108,IN-077,Jefferson,18077,32428,N
108,IN-079,Jennings,18079,28525,Y
108,IN-083,Knox,18083,38440,Y
108,IN-085,Kosciusko,18085,77358,N
108,IN-087,LaGrange,18087,37128,N
108,IN-089,Lake,18089,496005,N
108,IN-091,LaPorte,18091,111467,N
108,IN-101,Martin,18101,10334,Y
108,IN-103,Miami,18103,36903,N
108,IN-107,Montgomery,18107,38124,N
108,IN-111,Newton,18111,14244,Y
108,IN-115,Ohio,18115,6128,Y
108,IN-117,Orange,18117,19840,N
108,IN-121,Parke,18121,17339,N
108,IN-123,Perry,18123,19338,Y
108,IN-125,Pike,18125,12845,Y
108,IN-127,Porter,18127,164343,N
108,IN-129,Posey,18129,25910,Y
108,IN-131,Pulaski,18131,13402,N
108,IN-133,Putnam,18133,37963,N
108,IN-135,Randolph,18135,26171,Y
108,IN-137,Ripley,18137,28818,Y
108,IN-139,Rush,18139,17392,Y
108,IN-143,Scott,18143,24181,N
108,IN-145,Shelby,18145,44436,Y
108,IN-149,Starke,18149,23363,N
108,IN-151,Steuben,18151,34185,N
108,IN-153,Sullivan,18153,21475,N
108,IN-155,Switzerland,18155,10613,Y
108,IN-161,Union,18161,7516,Y
108,IN-165,Vermillion,18165,16212,N
108,IN-167,Vigo,18167,107848,N
108,IN-169,Wabash,18169,32888,N
108,IN-171,Warren,18171,8508,N
108,IN-175,Washington,18175,28262,Y
108,IN-177,Wayne,18177,68917,Y
108,IN-179,Wells,18179,27636,N
108,IN-181,White,18181,24643,N
108,KS-001,Allen,20001,13371,Y
108,KS-003,Anderson,20003,8102,Y
108,KS-007,Barber,20007,4861,Y
108,KS-009,Barton,20009,27674,Y
108,KS-011,Bourbon,20011,15173,Y
108,KS-013,Brown,20013,9984,Y
108,KS-015,Butler,20015,65880,N
108,KS-017,Chase,20017,2790,Y
108,KS-019,Chautauqua,20019,3669,Y
108,KS-021,Cherokee,20021,21603,Y
108,KS-023,Cheyenne,20023,2726,Y
108,KS-025,Clark,20025,2215,Y
108,KS-027,Clay,20027,8535,Y
108,KS-029,Cloud,20029,9533,Y
108,KS-031,Coffey,20031,8601,Y
108,KS-033,Comanche,20033,1891,Y
108,KS-035,Cowley,20035,36311,Y
108,KS-037,Crawford,20037,39134,Y
108,KS-039,Decatur,20039,2961,Y
108,KS-041,Dickinson,20041,19754,Y
108,KS-043,Doniphan,20043,7945,Y
108,KS-045,Douglas,20045,110816,Y
108,KS-047,Edwards,20047,3037,Y
108,KS-049,Elk,20049,2882,Y
108,KS-051,Ellis,20051,28452,Y
108,KS-053,Ellsworth,20053,6497,Y
108,KS-055,Finney,20055,36776,Y
108,KS-057,Ford,20057,33848,Y
108,KS-059,Franklin,20059,25992,Y
108,KS-061,Geary,20061,34362,Y
108,KS-063,Gove,20063,2695,Y
108,KS-065,Graham,20065,2597,Y
108,KS-067,Grant,20067,7829,Y
108,KS-069,Gray,20069,6006,Y
108,KS-071,Greeley,20071,1247,Y
108,KS-073,Greenwood,20073,6689,Y
108,KS-075,Hamilton,20075,2690,Y
108,KS-077,Harper,20077,6034,Y
108,KS-079,Harvey,20079,34684,Y
108,KS-081,Haskell,20081,4256,Y
108,KS-083,Hodgeman,20083,1916,Y
108,KS-089,Jewell,20089,3077,Y
108,KS-093,Kearny,20093,3977,Y
108,KS-095,Kingman,20095,7858,Y
108,KS-097,Kiowa,20097,2553,Y
108,KS-099,Labette,20099,21607,Y
108,KS-101,Lane,20101,1750,Y
108,KS-105,Lincoln,20105,3241,Y
108,KS-107,Linn,20107,9656,Y
108,KS-109,Logan,20109,2756,Y
108,KS-111,Lyon,20111,33690,Y
108,KS-113,McPherson,20113,29180,Y
108,KS-115,Marion,20115,12660,Y
108,KS-117,Marshall,20117,10117,Y
108,KS-119,Meade,20119,4575,Y
108,KS-121,Miami,20121,32787,Y
108,KS-123,Mitchell,20123,6373,Y
108,KS-125,Montgomery,20125,35471,Y
108,KS-127,Morris,20127,5923,Y
108,KS-129,Morton,20129,3233,Y
108,KS-131,Nemaha,20131,10178,Y
108,KS-133,Neosho,20133,16512,Y
108,KS-135,Ness,20135,3107,Y
108,KS-137,Norton,20137,5671,Y
108,KS-139,Osage,20139,16295,Y
108,KS-141,Osborne,20141,3858,Y
108,KS-143,Ottawa,20143,6091,Y
108,KS-145,Pawnee,20145,6973,Y
108,KS-147,Phillips,20147,5642,Y
108,KS-149,Pottawatomie,20149,21604,Y
108,KS-151,Pratt,20151,9656,Y
108,KS-153,Rawlins,20153,2519,Y
108,KS-155,Reno,20155,64511,Y
108,KS-157,Republic,20157,4980,Y
108,KS-159,Rice,20159,10083,Y
108,KS-161,Riley,20161,71115,Y
108,KS-163,Rooks,20163,5181,Y
108,KS-165,Rush,20165,3307,Y
108,KS-167,Russell,20167,6970,Y
108,KS-169,Saline,20169,55606,Y
108,KS-171,Scott,20171,4936,Y
108,KS-173,Sedgwick,20173,498365,N
108,KS-175,Seward,20175,22952,Y
108,KS-179,Sheridan,20179,2556,Y
108,KS-181,Sherman,20181,6010,Y
108,KS-183,Smith,20183,3853,Y
108,KS-185,Stafford,20185,4437,Y
108,KS-187,Stanton,20187,2235,Y
108,KS-189,Stevens,20189,5724,Y
108,KS-191,Sumner,20191,24132,Y
108,KS-193,Thomas,20193,7900,Y
108,KS-195,Trego,20195,3001,Y
108,KS-199,Wallace,20199,1485,Y
108,KS-201,Washington,20201,5799,Y
108,KS-203,Wichita,20203,2234,Y
108,KS-205,Wilson,20205,9409,Y
108,KS-207,Woodson,20207,3309,Y
108,KY-001,Adair,21001,18656,N
108,KY-003,Allen,21003,19956,N
108,KY-005,Anderson,21005,21421,N
108,KY-007,Ballard,21007,8249,Y
108,KY-009,Barren,21009,42173,N
108,KY-011,Bath,21011,11591,N
108,KY-013,Bell,21013,28691,N
108,KY-015,Boone,21015,118811,N
108,KY-017,Bourbon,21017,19985,N
108,KY-019,Boyd,21019,49542,N
108,KY-021,Boyle,21021,28432,N
108,KY-023,Bracken,21023,8488,N
108,KY-025,Breathitt,21025,13878,N
108,KY-027,Breckinridge,21027,20059,Y
108,KY-031,Butler,21031,12690,N
108,KY-033,Caldwell,21033,12984,Y
108,KY-035,Calloway,21035,37191,Y
108,KY-037,Campbell,21037,90336,N
108,KY-039,Carlisle,21039,5104,Y
108,KY-041,Carroll,21041,10811,N
108,KY-043,Carter,21043,27720,N
108,KY-045,Casey,21045,15955,N
108,KY-047,Christian,21047,73955,N
108,KY-049,Clark,21049,35613,N
108,KY-051,Clay,21051,21730,N
108,KY-053,Clinton,21053,10272,N
108,KY-055,Crittenden,21055,9315,Y
108,KY-057,Cumberland,21057,6856,N
108,KY-061,Edmonson,21061,12161,N
108,KY-063,Elliott,21063,7852,N
108,KY-065,Estill,21065,14672,N
108,KY-067,Fayette,21067,295803,N
108,KY-069,Fleming,21069,14348,N
108,KY-071,Floyd,21071,39451,N
108,KY-073,Franklin,21073,49285,N
108,KY-075,Fulton,21075,6813,N
108,KY-077,Gallatin,21077,8589,N
108,KY-079,Garrard,21079,16912,N
108,KY-081,Grant,21081,24662,N
108,KY-083,Graves,21083,37121,Y
108,KY-085,Grayson,21085,25746,Y
108,KY-087,Green,21087,11258,N
108,KY-089,Greenup,21089,36910,N
108,KY-091,Hancock,21091,8565,Y
108,KY-093,Hardin,21093,105543,Y
108,KY-095,Harlan,21095,29278,N
108,KY-097,Harrison,21097,18846,N
108,KY-099,Hart,21099,18199,N
108,KY-101,Henderson,21101,46250,Y
108,KY-103,Henry,21103,15416,N
108,KY-105,Hickman,21105,4902,N
108,KY-107,Hopkins,21107,46920,Y
108,KY-109,Jackson,21109,13494,N
108,KY-113,Jessamine,21113,48586,N
108,KY-115,Johnson,21115,23356,N
108,KY-117,Kenton,21117,159720,N
108,KY-119,Knott,21119,16346,N
108,KY-121,Knox,21121,31883,N
108,KY-123,Larue,21123,14193,Y
108,KY-125,Laurel,21125,58849,N
108,KY-127,Lawrence,21127,15860,N
108,KY-129,Lee,21129,7887,N
108,KY-131,Leslie,21131,11310,N
108,KY-133,Letcher,21133,24519,N
108,KY-135,Lewis,21135,13870,N
108,KY-137,Lincoln,21137,24742,N
108,KY-139,Livingston,21139,9519,Y
108,KY-141,Logan,21141,26835,N
108,KY-143,Lyon,21143,8314,Y
108,KY-145,McCracken,21145,65565,Y
108,KY-149,McLean,21149,9531,Y
108,KY-151,Madison,21151,82916,N
108,KY-153,Magoffin,21153,13333,N
108,KY-155,Marion,21155,19820,Y
108,KY-157,Marshall,21157,31448,Y
108,KY-159,Martin,21159,12929,N
108,KY-161,Mason,21161,17490,N
108,KY-163,Meade,21163,28602,Y
108,KY-165,Menifee,21165,6306,N
108,KY-167,Mercer,21167,21331,N
108,KY-169,Metcalfe,21169,10099,N
108,KY-171,Monroe,21171,10963,N
108,KY-173,Montgomery,21173,26499,N
108,KY-175,Morgan,21175,13923,N
108,KY-177,Muhlenberg,21177,31499,Y
108,KY-179,Nelson,21179,43437,Y
108,KY-181,Nicholas,21181,7135,N
108,KY-183,Ohio,21183,23842,Y
108,KY-185,Oldham,21185,60316,N
108,KY-187,Owen,21187,10841,N
108,KY-189,Owsley,21189,4755,N
108,KY-191,Pendleton,21191,14877,N
108,KY-193,Perry,21193,28712,N
108,KY-195,Pike,21195,65024,N
108,KY-197,Powell,21197,12613,N
108,KY-199,Pulaski,21199,63063,N
108,KY-201,Robertson,21201,2282,N
108,KY-203,Rockcastle,21203,17056,N
108,KY-205,Rowan,21205,23333,N
108,KY-207,Russell,21207,17565,N
108,KY-209,Scott,21209,47173,N
108,KY-211,Shelby,21211,42074,N
108,KY-213,Simpson,21213,17327,N
108,KY-215,Spencer,21215,17061,Y
108,KY-217,Taylor,21217,24512,N
108,KY-219,Todd,21219,12460,N
108,KY-221,Trigg,21221,14339,Y
108,KY-223,Trimble,21223,8809,N
108,KY-225,Union,21225,15007,Y
108,KY-227,Warren,21227,113792,N
108,KY-229,Washington,21229,11717,Y
108,KY-233,Webster,21233,13621,Y
108,KY-237,Wolfe,21237,7355,N
108,KY-239,Woodford,21239,24939,N
108,LA-001,Acadia,22001,61773,N
108,LA-003,Allen,22003,25764,Y
108,LA-005,Ascension,22005,107215,N
108,LA-009,Avoyelles,22009,42073,Y
108,LA-011,Beauregard,22011,35654,Y
108,LA-013,Bienville,22013,14353,Y
108,LA-015,Bossier,22015,116979,Y
108,LA-017,Caddo,22017,254969,Y
108,LA-021,Caldwell,22021,10132,Y
108,LA-023,Cameron,22023,6839,Y
108,LA-025,Catahoula,22025,10407,N
108,LA-027,Claiborne,22027,17195,Y
108,LA-029,Concordia,22029,20822,N
108,LA-031,De Soto,22031,26656,Y
108,LA-033,East Baton Rouge,22033,440171,N
108,LA-035,East Carroll,22035,7759,Y
108,LA-037,East Feliciana,22037,20267,Y
108,LA-039,Evangeline,22039,33984,N
108,LA-041,Franklin,22041,20767,Y
108,LA-043,Grant,22043,22309,Y
108,LA-045,Iberia,22045,73240,N
108,LA-047,Iberville,22047,33387,N
108,LA-049,Jackson,22049,16274,Y
108,LA-051,Jefferson,22051,432552,N
108,LA-053,Jefferson Davis,22053,31594,Y
108,LA-055,Lafayette,22055,221578,N
108,LA-057,Lafourche,22057,96318,N
108,LA-059,LaSalle,22059,14890,Y
108,LA-061,Lincoln,22061,46735,Y
108,LA-063,Livingston,22063,128026,N
108,LA-065,Madison,22065,12093,N
108,LA-067,Morehouse,22067,27979,Y
108,LA-069,Natchitoches,22069,39566,Y
108,LA-073,Ouachita,22073,153720,Y
108,LA-075,Plaquemines,22075,23042,N
108,LA-077,Pointe Coupee,22077,22802,Y
108,LA-079,Rapides,22079,131613,Y
108,LA-081,Red River,22081,9091,Y
108,LA-083,Richland,22083,20725,Y
108,LA-085,Sabine,22085,24233,Y
108,LA-087,St. Bernard,22087,35897,N
108,LA-091,St. Helena,22091,11203,Y
108,LA-093,St. James,22093,22102,N
108,LA-095,St. John the Baptist,22095,45924,N
108,LA-097,St. Landry,22097,83384,N
108,LA-099,St. Martin,22099,52160,N
108,LA-101,St. Mary,22101,54650,N
108,LA-103,St. Tammany,22103,233740,N
108,LA-107,Tensas,22107,5252,N
108,LA-109,Terrebonne,22109,111860,N
108,LA-111,Union,22111,22721,Y
108,LA-113,Vermilion,22113,57999,N
108,LA-115,Vernon,22115,52334,Y
108,LA-117,Washington,22117,47168,N
108,LA-119,Webster,22119,41207,Y
108,LA-121,West Baton Rouge,22121,23788,N
108,LA-123,West Carroll,22123,11604,Y
108,LA-125,West Feliciana,22125,15625,Y
108,LA-127,Winn,22127,15313,Y
108,MA-001,Barnstable,25001,215888,N
108,MA-003,Berkshire,25003,131219,N
108,MA-007,Dukes,25007,16535,N
108,MA-009,Essex,25009,743159,N
108,MA-011,Franklin,25011,71372,N
108,MA-013,Hampden,25013,463490,N
108,MA-015,Hampshire,25015,158080,N
108,MA-017,Middlesex,25017,1503085,N
108,MA-019,Nantucket,25019,10172,N
108,MA-023,Plymouth,25023,494919,N
108,MA-027,Worcester,25027,798552,N
108,MD-001,Allegany,24001,75087,N
108,MD-003,Anne Arundel,24003,537656,N
108,MD-009,Calvert,24009,88737,N
108,MD-011,Caroline,24011,33066,N
108,MD-013,Carroll,24013,167134,N
108,MD-015,Cecil,24015,101108,N
108,MD-017,Charles,24017,146551,N
108,MD-019,Dorchester,24019,32618,N
108,MD-021,Frederick,24021,233385,N
108,MD-023,Garrett,24023,30097,N
108,MD-029,Kent,24029,20197,N
108,MD-033,Prince George's,24033,863420,N
108,MD-035,Queen Anne's,24035,47798,N
108,MD-037,St. Mary's,24037,105151,N
108,MD-039,Somerset,24039,26470,Y
108,MD-041,Talbot,24041,37782,N
108,MD-043,Washington,24043,147430,N
108,MD-045,Wicomico,24045,98733,Y
108,MD-047,Worcester,24047,51454,Y
108,ME-001,Androscoggin,23001,107702,N
108,ME-003,Aroostook,23003,71870,N
108,ME-005,Cumberland,23005,281674,N
108,ME-007,Franklin,23007,30768,N
108,ME-009,Hancock,23009,54418,N
108,ME-011,Kennebec,23011,122151,N
108,ME-013,Knox,23013,39736,N
108,ME-015,Lincoln,23015,34457,N
108,ME-017,Oxford,23017,57833,N
108,ME-019,Penobscot,23019,153923,N
108,ME-021,Piscataquis,23021,17535,N
108,ME-023,Sagadahoc,23023,35293,N
108,ME-025,Somerset,23025,52228,N
108,ME-027,Waldo,23027,38786,N
108,ME-029,Washington,23029,32856,N
108,ME-031,York,23031,197131,N
108,MI-003,Alger,26003,9601,Y
108,MI-005,Allegan,26005,111408,N
108,MI-007,Alpena,26007,29598,Y
108,MI-009,Antrim,26009,23580,Y
108,MI-011,Arenac,26011,15899,N
108,MI-013,Baraga,26013,8860,Y
108,MI-015,Barry,26015,59173,N
108,MI-017,Bay,26017,107771,N
108,MI-019,Benzie,26019,17525,Y
108,MI-023,Branch,26023,45248,N
108,MI-025,Calhoun,26025,136146,N
108,MI-029,Charlevoix,26029,25949,Y
108,MI-031,Cheboygan,26031,26152,Y
108,MI-033,Chippewa,26033,38520,Y
108,MI-035,Clare,26035,30926,N
108,MI-039,Crawford,26039,14074,Y
108,MI-041,Delta,26041,37069,Y
108,MI-047,Emmet,26047,32694,Y
108,MI-049,Genesee,26049,425790,N
108,MI-051,Gladwin,26051,25692,N
108,MI-053,Gogebic,26053,16427,Y
108,MI-055,Grand Traverse,26055,86986,Y
108,MI-057,Gratiot,26057,42476,N
108,MI-059,Hillsdale,26059,46688,N
108,MI-061,Houghton,26061,36628,Y
108,MI-063,Huron,26063,33118,N
108,MI-067,Ionia,26067,63905,N
108,MI-071,Iron,26071,11817,Y
108,MI-073,Isabella,26073,70311,N
108,MI-075,Jackson,26075,160248,N
108,MI-077,Kalamazoo,26077,250331,N
108,MI-079,Kalkaska,26079,17153,Y
108,MI-081,Kent,26081,602622,N
108,MI-083,Keweenaw,26083,2156,Y
108,MI-085,Lake,26085,11539,Y
108,MI-087,Lapeer,26087,88319,N
108,MI-089,Leelanau,26089,21708,Y
108,MI-091,Lenawee,26091,99892,N
108,MI-093,Livingston,26093,180967,N
108,MI-095,Luce,26095,6631,Y
108,MI-097,Mackinac,26097,11113,Y
108,MI-099,Macomb,26099,840978,N
108,MI-101,Manistee,26101,24733,Y
108,MI-103,Marquette,26103,67077,Y
108,MI-105,Mason,26105,28705,Y
108,MI-107,Mecosta,26107,42798,N
108,MI-109,Menominee,26109,24029,Y
108,MI-111,Midland,26111,83629,N
108,MI-113,Missaukee,26113,14849,Y
108,MI-117,Montcalm,26117,63342,N
108,MI-119,Montmorency,26119,9765,Y
108,MI-121,Muskegon,26121,172188,N
108,MI-123,Newaygo,26123,48460,N
108,MI-125,Oakland,26125,1202362,N
108,MI-127,Oceana,26127,26570,N
108,MI-129,Ogemaw,26129,21699,N
108,MI-131,Ontonagon,26131,6780,Y
108,MI-133,Osceola,26133,23528,Y
108,MI-137,Otsego,26137,24164,Y
108,MI-139,Ottawa,26139,263801,N
108,MI-141,Presque Isle,26141,13376,Y
108,MI-143,Roscommon,26143,24449,Y
108,MI-147,St. Clair,26147,163040,N
108,MI-149,St. Joseph,26149,61295,N
108,MI-151,Sanilac,26151,43114,N
108,MI-153,Schoolcraft,26153,8485,Y
108,MI-155,Shiawassee,26155,70648,N
108,MI-157,Tuscola,26157,55729,N
108,MI-161,Washtenaw,26161,344791,N
108,MI-165,Wexford,26165,32735,Y
108,MN-001,Aitkin,27001,16202,Y
108,MN-005,Becker,27005,32504,Y
108,MN-007,Beltrami,27007,44442,Y
108,MN-009,Benton,27009,38451,N
108,MN-011,Big Stone,27011,5269,Y
108,MN-015,Brown,27015,25893,N
108,MN-017,Carlton,27017,35386,Y
108,MN-019,Carver,27019,91042,N
108,MN-021,Cass,27021,28567,Y
108,MN-023,Chippewa,27023,12441,N
108,MN-025,Chisago,27025,53887,N
108,MN-027,Clay,27027,58999,Y
108,MN-029,Clearwater,27029,8695,Y
108,MN-031,Cook,27031,5176,Y
108,MN-033,Cottonwood,27033,11687,N
108,MN-035,Crow Wing,27035,62500,Y
108,MN-037,Dakota,27037,398552,N
108,MN-039,Dodge,27039,20087,Y
108,MN-041,Douglas,27041,36009,Y
108,MN-043,Faribault,27043,14553,N
108,MN-045,Fillmore,27045,20866,Y
108,MN-047,Freeborn,27047,31255,N
108,MN-049,Goodhue,27049,46183,Y
108,MN-051,Grant,27051,6018,Y
108,MN-055,Houston,27055,19027,Y
108,MN-057,Hubbard,27057,20428,Y
108,MN-059,Isanti,27059,37816,Y
108,MN-061,Itasca,27061,45058,Y
108,MN-063,Jackson,27063,10266,N
108,MN-065,Kanabec,27065,16239,Y
108,MN-067,Kandiyohi,27067,42239,N
108,MN-069,Kittson,27069,4552,Y
108,MN-071,Koochiching,27071,13311,Y
108,MN-073,Lac qui Parle,27073,7259,N
108,MN-075,Lake,27075,10866,Y
108,MN-077,Lake of the Woods,27077,4045,Y
108,MN-081,Lincoln,27081,5896,N
108,MN-083,Lyon,27083,25857,N
108,MN-085,McLeod,27085,36651,N
108,MN-087,Mahnomen,27087,5413,Y
108,MN-089,Marshall,27089,9439,Y
108,MN-091,Martin,27091,20840,N
108,MN-093,Meeker,27093,23300,N
108,MN-095,Mille Lacs,27095,26097,Y
108,MN-097,Morrison,27097,33198,Y
108,MN-099,Mower,27099,39163,Y
108,MN-101,Murray,27101,8725,N
108,MN-103,Nicollet,27103,32727,N
108,MN-105,Nobles,27105,21378,N
108,MN-107,Norman,27107,6852,Y
108,MN-109,Olmsted,27109,144248,Y
108,MN-111,Otter Tail,27111,57303,Y
108,MN-113,Pennington,27113,13930,Y
108,MN-115,Pine,27115,29750,Y
108,MN-117,Pipestone,27117,9596,Y
108,MN-119,Polk,27119,31600,Y
108,MN-121,Pope,27121,10995,Y
108,MN-125,Red Lake,27125,4089,Y
108,MN-127,Redwood,27127,16059,N
108,MN-129,Renville,27129,15730,N
108,MN-131,Rice,27131,64142,N
108,MN-133,Rock,27133,9687,Y
108,MN-135,Roseau,27135,15629,Y
108,MN-137,St. Louis,27137,200226,Y
108,MN-139,Scott,27139,129928,N
108,MN-141,Sherburne,27141,88499,N
108,MN-143,Sibley,27143,15226,N
108,MN-145,Stearns,27145,150642,N
108,MN-147,Steele,27147,36576,N
108,MN-149,Stevens,27149,9726,Y
108,MN-151,Swift,27151,9783,Y
108,MN-153,Todd,27153,24895,Y
108,MN-155,Traverse,27155,3558,Y
108,MN-157,Wabasha,27157,21676,Y
108,MN-159,Wadena,27159,13843,Y
108,MN-161,Waseca,27161,19136,N
108,MN-165,Watonwan,27165,11211,N
108,MN-167,Wilkin,27167,6576,Y
108,MN-169,Winona,27169,51461,Y
108,MN-171,Wright,27171,124700,N
108,MN-173,Yellow Medicine,27173,10438,N
108,MO-001,Adair,29001,25607,Y
108,MO-003,Andrew,29003,17291,Y
108,MO-005,Atchison,29005,5685,Y
108,MO-007,Audrain,29007,25529,Y
108,MO-009,Barry,29009,35597,Y
108,MO-011,Barton,29011,12402,Y
108,MO-013,Bates,29013,17049,Y
108,MO-015,Benton,29015,19056,Y
108,MO-017,Bollinger,29017,12363,Y
108,MO-019,Boone,29019,162642,Y
108,MO-023,Butler,29023,42794,Y
108,MO-025,Caldwell,29025,9424,Y
108,MO-027,Callaway,29027,44332,Y
108,MO-029,Camden,29029,44002,Y
108,MO-031,Cape Girardeau,29031,75674,Y
108,MO-033,Carroll,29033,9295,Y
108,MO-035,Carter,29035,6265,Y
108,MO-037,Cass,29037,99478,N
108,MO-039,Cedar,29039,13982,Y
108,MO-041,Chariton,29041,7831,Y
108,MO-043,Christian,29043,77422,Y
108,MO-045,Clark,29045,7139,Y
108,MO-051,Cole,29051,75990,Y
108,MO-053,Cooper,29053,17601,Y
108,MO-055,Crawford,29055,24696,Y
108,MO-057,Dade,29057,7883,Y
108,MO-059,Dallas,29059,16777,Y
108,MO-061,Daviess,29061,8433,Y
108,MO-065,Dent,29065,15657,Y
108,MO-067,Douglas,29067,13684,Y
108,MO-069,Dunklin,29069,31953,Y
108,MO-071,Franklin,29071,101492,N
108,MO-073,Gasconade,29073,15222,Y
108,MO-075,Gentry,29075,6738,Y
108,MO-077,Greene,29077,275174,Y
108,MO-079,Grundy,29079,10261,Y
108,MO-081,Harrison,29081,8957,Y
108,MO-083,Henry,29083,22272,Y
108,MO-085,Hickory,29085,9627,Y
108,MO-087,Holt,29087,4912,Y
108,MO-089,Howard,29089,10144,Y
108,MO-091,Howell,29091,40400,Y
108,MO-093,Iron,29093,10630,Y
108,MO-099,Jefferson,29099,218733,N
108,MO-101,Johnson,29101,52595,Y
108,MO-103,Knox,29103,4131,Y
108,MO-105,Laclede,29105,35571,Y
108,MO-109,Lawrence,29109,38634,Y
108,MO-111,Lewis,29111,10211,Y
108,MO-113,Lincoln,29113,52566,Y
108,MO-115,Linn,29115,12761,Y
108,MO-117,Livingston,29117,15195,Y
108,MO-119,McDonald,29119,23083,N
108,MO-121,Macon,29121,15566,Y
108,MO-123,Madison,29123,12226,Y
108,MO-125,Maries,29125,9176,Y
108,MO-127,Marion,29127,28781,Y
108,MO-129,Mercer,29129,3785,Y
108,MO-131,Miller,29131,24748,Y
108,MO-135,Moniteau,29135,15607,Y
108,MO-137,Monroe,29137,8840,Y
108,MO-141,Morgan,29141,20565,Y
108,MO-143,New Madrid,29143,18956,Y
108,MO-145,Newton,29145,58114,Y
108,MO-147,Nodaway,29147,23370,Y
108,MO-149,Oregon,29149,10881,Y
108,MO-151,Osage,29151,13878,Y
108,MO-153,Ozark,29153,9723,Y
108,MO-155,Pemiscot,29155,18296,Y
108,MO-157,Perry,29157,18971,Y
108,MO-161,Phelps,29161,45156,Y
108,MO-163,Pike,29163,18516,Y
108,MO-167,Polk,29167,31137,Y
108,MO-169,Pulaski,29169,52274,Y
108,MO-171,Putnam,29171,4979,Y
108,MO-173,Ralls,29173,10167,Y
108,MO-175,Randolph,29175,25414,Y
108,MO-177,Ray,29177,23494,N
108,MO-179,Reynolds,29179,6696,Y
108,MO-181,Ripley,29181,14100,Y
108,MO-185,St. Clair,29185,9805,Y
108,MO-186,Ste. Genevieve,29186,18145,Y
108,MO-187,St. Francois,29187,65359,Y
108,MO-195,Saline,29195,23370,Y
108,MO-197,Schuyler,29197,4431,Y
108,MO-199,Scotland,29199,4843,Y
108,MO-203,Shannon,29203,8441,Y
108,MO-205,Shelby,29205,6373,Y
108,MO-207,Stoddard,29207,29968,Y
108,MO-209,Stone,29209,32202,Y
108,MO-211,Sullivan,29211,6714,Y
108,MO-213,Taney,29213,51675,Y
108,MO-215,Texas,29215,26008,Y
108,MO-217,Vernon,29217,21159,Y
108,MO-221,Washington,29221,25195,Y
108,MO-223,Wayne,29223,13521,Y
108,MO-225,Webster,29225,36202,Y
108,MO-227,Worth,29227,2171,Y
108,MO-229,Wright,29229,18815,Y
108,MP-085,Northern Islands,69085,0,Y
108,MP-100,Rota,69100,2527,Y
108,MP-110,Saipan,69110,48220,Y
108,MP-120,Tinian,69120,3136,Y
108,MS-001,Adams,28001,32297,N
108,MS-003,Alcorn,28003,37057,N
108,MS-007,Attala,28007,19564,N
108,MS-009,Benton,28009,8729,Y
108,MS-011,Bolivar,28011,34145,Y
108,MS-015,Carroll,28015,10597,Y
108,MS-017,Chickasaw,28017,17392,N
108,MS-021,Claiborne,28021,9604,N
108,MS-027,Coahoma,28027,26151,Y
108,MS-029,Copiah,28029,29449,N
108,MS-031,Covington,28031,19568,N
108,MS-039,George,28039,22578,Y
108,MS-041,Greene,28041,14400,N
108,MS-043,Grenada,28043,21906,N
108,MS-045,Hancock,28045,43929,Y
108,MS-047,Harrison,28047,187105,Y
108,MS-051,Holmes,28051,19198,N
108,MS-055,Issaquena,28055,1406,Y
108,MS-059,Jackson,28059,139668,Y
108,MS-061,Jasper,28061,17062,N
108,MS-063,Jefferson,28063,7726,N
108,MS-065,Jefferson Davis,28065,12487,N
108,MS-069,Kemper,28069,10456,N
108,MS-073,Lamar,28073,55658,N
108,MS-077,Lawrence,28077,12929,N
108,MS-079,Leake,28079,23805,N
108,MS-083,Leflore,28083,32317,Y
108,MS-085,Lincoln,28085,34869,N
108,MS-091,Marion,28091,27088,N
108,MS-093,Marshall,28093,37144,Y
108,MS-095,Monroe,28095,36989,N
108,MS-099,Neshoba,28099,29676,N
108,MS-101,Newton,28101,21720,N
108,MS-109,Pearl River,28109,55834,N
108,MS-117,Prentiss,28117,25276,N
108,MS-119,Quitman,28119,8223,Y
108,MS-121,Rankin,28121,141617,N
108,MS-123,Scott,28123,28264,N
108,MS-125,Sharkey,28125,4916,Y
108,MS-127,Simpson,28127,27503,N
108,MS-129,Smith,28129,16491,N
108,MS-133,Sunflower,28133,29450,Y
108,MS-135,Tallahatchie,28135,15378,Y
108,MS-137,Tate,28137,28886,Y
108,MS-139,Tippah,28139,22232,N
108,MS-141,Tishomingo,28141,19593,N
108,MS-143,Tunica,28143,10778,Y
108,MS-147,Walthall,28147,15443,N
108,MS-149,Warren,28149,48773,N
108,MS-151,Washington,28151,51137,Y
108,MS-153,Wayne,28153,20747,N
108,MS-157,Wilkinson,28157,9878,Y
108,MS-159,Winston,28159,19198,N
108,MS-163,Yazoo,28163,28065,N
108,MT-001,Beaverhead,30001,9246,Y
108,MT-003,Big Horn,30003,12865,Y
108,MT-005,Blaine,30005,6491,Y
108,MT-007,Broadwater,30007,5612,Y
108,MT-009,Carbon,30009,10078,Y
108,MT-011,Carter,30011,1160,Y
108,MT-013,Cascade,30013,81327,Y
108,MT-015,Chouteau,30015,5813,Y
108,MT-017,Custer,30017,11699,Y
108,MT-019,Daniels,30019,1751,Y
108,MT-021,Dawson,30021,8966,Y
108,MT-023,Deer Lodge,30023,9298,Y
108,MT-025,Fallon,30025,2890,Y
108,MT-027,Fergus,30027,11586,Y
108,MT-029,Flathead,30029,90928,Y
108,MT-031,Gallatin,30031,89513,Y
108,MT-033,Garfield,30033,1206,Y
108,MT-035,Glacier,30035,13399,Y
108,MT-037,Golden Valley,30037,884,Y
108,MT-039,Granite,30039,3079,Y
108,MT-041,Hill,30041,16096,Y
108,MT-043,Jefferson,30043,11406,Y
108,MT-045,Judith Basin,30045,2072,Y
108,MT-047,Lake,30047,28746,Y
108,MT-049,Lewis and Clark,30049,63395,Y
108,MT-051,Liberty,30051,2339,Y
108,MT-053,Lincoln,30053,19687,Y
108,MT-055,McCone,30055,1734,Y
108,MT-057,Madison,30057,7691,Y
108,MT-059,Meagher,30059,1891,Y
108,MT-061,Mineral,30061,4223,Y
108,MT-063,Missoula,30063,109299,Y
108,MT-065,Musselshell,30065,4538,Y
108,MT-067,Park,30067,15636,Y
108,MT-069,Petroleum,30069,494,Y
108,MT-071,Phillips,30071,4253,Y
108,MT-073,Pondera,30073,6153,Y
108,MT-075,Powder River,30075,1743,Y
108,MT-077,Powell,30077,7027,Y
108,MT-079,Prairie,30079,1179,Y
108,MT-081,Ravalli,30081,40212,Y
108,MT-083,Richland,30083,9746,Y
108,MT-085,Roosevelt,30085,10425,Y
108,MT-087,Rosebud,30087,9233,Y
108,MT-089,Sanders,30089,11413,Y
108,MT-091,Sheridan,30091,3384,Y
108,MT-093,Silver Bow,30093,34200,Y
108,MT-095,Stillwater,30095,9117,Y
108,MT-097,Sweet Grass,30097,3651,Y
108,MT-099,Teton,30099,6073,Y
108,MT-101,Toole,30101,5324,Y
108,MT-103,Treasure,30103,718,Y
108,MT-105,Valley,30105,7369,Y
108,MT-107,Wheatland,30107,2168,Y
108,MT-109,Wibaux,30109,1017,Y
108,MT-111,Yellowstone,30111,147972,Y
108,NC-005,Alleghany,37005,11155,Y
108,NC-007,Anson,37007,26948,Y
108,NC-009,Ashe,37009,27281,Y
108,NC-011,Avery,37011,17797,Y
108,NC-013,Beaufort,37013,47759,N
108,NC-015,Bertie,37015,21282,Y
108,NC-017,Bladen,37017,35190,Y
108,NC-019,Brunswick,37019,107431,Y
108,NC-023,Burke,37023,90912,Y
108,NC-027,Caldwell,37027,83029,Y
108,NC-029,Camden,37029,9980,Y
108,NC-031,Carteret,37031,66469,N
108,NC-033,Caswell,37033,23719,Y
108,NC-037,Chatham,37037,63505,Y
108,NC-039,Cherokee,37039,27444,Y
108,NC-041,Chowan,37041,14793,Y
108,NC-043,Clay,37043,10587,Y
108,NC-045,Cleveland,37045,98078,Y
108,NC-047,Columbus,37047,58098,Y
108,NC-049,Craven,37049,103505,N
108,NC-053,Currituck,37053,23547,N
108,NC-055,Dare,37055,33920,N
108,NC-057,Davidson,37057,162878,Y
108,NC-059,Davie,37059,41240,Y
108,NC-061,Duplin,37061,58505,Y
108,NC-063,Durham,37063,267587,N
108,NC-065,Edgecombe,37065,56552,N
108,NC-067,Forsyth,37067,350670,Y
108,NC-069,Franklin,37069,60619,N
108,NC-073,Gates,37073,12197,Y
108,NC-075,Graham,37075,8861,Y
108,NC-077,Granville,37077,59916,N
108,NC-083,Halifax,37083,54691,N
108,NC-085,Harnett,37085,114678,Y
108,NC-087,Haywood,37087,59036,N
108,NC-091,Hertford,37091,24669,Y
108,NC-093,Hoke,37093,46952,Y
108,NC-095,Hyde,37095,5810,N
108,NC-097,Iredell,37097,159437,Y
108,NC-099,Jackson,37099,40271,N
108,NC-101,Johnston,37101,168878,Y
108,NC-103,Jones,37103,10153,N
108,NC-105,Lee,37105,57866,Y
108,NC-107,Lenoir,37107,59495,N
108,NC-111,McDowell,37111,44996,Y
108,NC-113,Macon,37113,33922,Y
108,NC-117,Martin,37117,24505,N
108,NC-121,Mitchell,37121,15579,Y
108,NC-123,Montgomery,37123,27798,Y
108,NC-125,Moore,37125,88247,Y
108,NC-127,Nash,37127,95840,N
108,NC-129,New Hanover,37129,202667,Y
108,NC-131,Northampton,37131,22099,N
108,NC-133,Onslow,37133,177772,Y
108,NC-135,Orange,37135,133801,N
108,NC-137,Pamlico,37137,13144,N
108,NC-139,Pasquotank,37139,40661,Y
108,NC-141,Pender,37141,52217,Y
108,NC-143,Perquimans,37143,13453,Y
108,NC-145,Person,37145,39464,N
108,NC-147,Pitt,37147,168148,N
108,NC-151,Randolph,37151,141752,N
108,NC-153,Richmond,37153,46639,Y
108,NC-155,Robeson,37155,134168,Y
108,NC-157,Rockingham,37157,93643,Y
108,NC-159,Rowan,37159,138428,Y
108,NC-161,Rutherford,37161,67810,Y
108,NC-163,Sampson,37163,63431,Y
108,NC-165,Scotland,37165,36157,Y
108,NC-167,Stanly,37167,60585,Y
108,NC-169,Stokes,37169,47401,Y
108,NC-171,Surry,37171,73673,Y
108,NC-173,Swain,37173,13981,N
108,NC-175,Transylvania,37175,33090,N
108,NC-177,Tyrrell,37177,4407,N
108,NC-179,Union,37179,201292,N
108,NC-181,Vance,37181,45422,N
108,NC-183,Wake,37183,900993,N
108,NC-185,Warren,37185,20972,N
108,NC-187,Washington,37187,13228,N
108,NC-189,Watauga,37189,51079,Y
108,NC-191,Wayne,37191,122623,Y
108,NC-193,Wilkes,37193,69340,Y
108,NC-195,Wilson,37195,81234,N
108,NC-197,Yadkin,37197,38406,Y
108,NC-199,Yancey,37199,17818,Y
108,ND-001,Adams,38001,2343,Y
108,ND-003,Barnes,38003,11066,Y
108,ND-005,Benson,38005,6660,Y
108,ND-007,Billings,38007,783,Y
108,ND-009,Bottineau,38009,6429,Y
108,ND-011,Bowman,38011,3151,Y
108,ND-013,Burke,38013,1968,Y
108,ND-015,Burleigh,38015,81308,Y
108,ND-017,Cass,38017,149778,Y
108,ND-019,Cavalier,38019,3993,Y
108,ND-021,Dickey,38021,5289,Y
108,ND-023,Divide,38023,2071,Y
108,ND-025,Dunn,38025,3536,Y
108,ND-027,Eddy,38027,2385,Y
108,ND-029,Emmons,38029,3550,Y
108,ND-031,Foster,38031,3343,Y
108,ND-033,Golden Valley,38033,1680,Y
108,ND-035,Grand Forks,38035,66861,Y
108,ND-037,Grant,38037,2394,Y
108,ND-039,Griggs,38039,2420,Y
108,ND-041,Hettinger,38041,2477,Y
108,ND-043,Kidder,38043,2435,Y
108,ND-045,LaMoure,38045,4139,Y
108,ND-047,Logan,38047,1990,Y
108,ND-049,McHenry,38049,5395,Y
108,ND-051,McIntosh,38051,2809,Y
108,ND-053,McKenzie,38053,6360,Y
108,ND-055,McLean,38055,8962,Y
108,ND-057,Mercer,38057,8424,Y
108,ND-059,Morton,38059,27471,Y
108,ND-061,Mountrail,38061,7673,Y
108,ND-063,Nelson,38063,3126,Y
108,ND-065,Oliver,38065,1846,Y
108,ND-067,Pembina,38067,7413,Y
108,ND-069,Pierce,38069,4357,Y
108,ND-071,Ramsey,38071,11451,Y
108,ND-073,Ransom,38073,5457,Y
108,ND-075,Renville,38075,2470,Y
108,ND-077,Richland,38077,16321,Y
108,ND-079,Rolette,38079,13937,Y
108,ND-081,Sargent,38081,3829,Y
108,ND-083,Sheridan,38083,1321,Y
108,ND-085,Sioux,38085,4153,Y
108,ND-087,Slope,38087,727,Y
108,ND-089,Stark,38089,24199,Y
108,ND-091,Steele,38091,1975,Y
108,ND-093,Stutsman,38093,21100,Y
108,ND-095,Towner,38095,2246,Y
108,ND-097,Traill,38097,8121,Y
108,ND-099,Walsh,38099,11119,Y
108,ND-101,Ward,38101,61675,Y
108,ND-103,Wells,38103,4207,Y
108,ND-105,Williams,38105,22398,Y
108,NE-003,Antelope,31003,6685,Y
108,NE-005,Arthur,31005,460,Y
108,NE-007,Banner,31007,690,Y
108,NE-009,Blaine,31009,478,Y
108,NE-011,Boone,31011,5505,Y
108,NE-013,Box Butte,31013,11308,Y
108,NE-015,Boyd,31015,2099,Y
108,NE-017,Brown,31017,3145,Y
108,NE-021,Burt,31021,6858,Y
108,NE-023,Butler,31023,8395,Y
108,NE-025,Cass,31025,25241,Y
108,NE-027,Cedar,31027,8852,Y
108,NE-029,Chase,31029,3966,Y
108,NE-031,Cherry,31031,5713,Y
108,NE-033,Cheyenne,31033,9998,Y
108,NE-035,Clay,31035,6542,Y
108,NE-037,Colfax,31037,10515,Y
108,NE-039,Cuming,31039,9139,Y
108,NE-041,Custer,31041,10939,Y
108,NE-043,Dakota,31043,21006,Y
108,NE-045,Dawes,31045,9182,Y
108,NE-047,Dawson,31047,24326,Y
108,NE-049,Deuel,31049,1941,Y
108,NE-051,Dixon,31051,6000,Y
108,NE-053,Dodge,31053,36691,Y
108,NE-055,Douglas,31055,517110,N
108,NE-057,Dundy,31057,2008,Y
108,NE-059,Fillmore,31059,5890,Y
108,NE-061,Franklin,31061,3225,Y
108,NE-063,Frontier,31063,2756,Y
108,NE-065,Furnas,31065,4959,Y
108,NE-067,Gage,31067,22311,Y
108,NE-069,Garden,31069,2057,Y
108,NE-071,Garfield,31071,2049,Y
108,NE-073,Gosper,31073,2044,Y
108,NE-075,Grant,31075,614,Y
108,NE-077,Greeley,31077,2538,Y
108,NE-081,Hamilton,31081,9124,Y
108,NE-083,Harlan,31083,3423,Y
108,NE-085,Hayes,31085,967,Y
108,NE-087,Hitchcock,31087,2908,Y
108,NE-089,Holt,31089,10435,Y
108,NE-091,Hooker,31091,736,Y
108,NE-093,Howard,31093,6274,Y
108,NE-095,Jefferson,31095,7547,Y
108,NE-097,Johnson,31097,5217,Y
108,NE-099,Kearney,31099,6489,Y
108,NE-101,Keith,31101,8368,Y
108,NE-103,Keya Paha,31103,824,Y
108,NE-105,Kimball,31105,3821,Y
108,NE-107,Knox,31107,8701,Y
108,NE-109,Lancaster,31109,285407,Y
108,NE-111,Lincoln,31111,36288,Y
108,NE-113,Logan,31113,763,Y
108,NE-115,Loup,31115,632,Y
108,NE-117,McPherson,31117,539,Y
108,NE-119,Madison,31119,34876,Y
108,NE-121,Merrick,31121,7845,Y
108,NE-123,Morrill,31123,5042,Y
108,NE-125,Nance,31125,3735,Y
108,NE-127,Nemaha,31127,7248,Y
108,NE-129,Nuckolls,31129,4500,Y
108,NE-131,Otoe,31131,15740,Y
108,NE-133,Pawnee,31133,2773,Y
108,NE-135,Perkins,31135,2970,Y
108,NE-139,Pierce,31139,7266,Y
108,NE-141,Platte,31141,32237,Y
108,NE-143,Polk,31143,5406,Y
108,NE-145,Red Willow,31145,11055,Y
108,NE-147,Richardson,31147,8363,Y
108,NE-149,Rock,31149,1526,Y
108,NE-151,Saline,31151,14200,Y
108,NE-153,Sarpy,31153,158840,N
108,NE-155,Saunders,31155,20780,Y
108,NE-157,Scotts Bluff,31157,36970,Y
108,NE-159,Seward,31159,16750,Y
108,NE-161,Sheridan,31161,5469,Y
108,NE-163,Sherman,31163,3152,Y
108,NE-165,Sioux,31165,1311,Y
108,NE-167,Stanton,31167,6129,Y
108,NE-169,Thayer,31169,5228,Y
108,NE-171,Thomas,31171,647,Y
108,NE-173,Thurston,31173,6940,Y
108,NE-175,Valley,31175,4260,Y
108,NE-177,Washington,31177,20234,Y
108,NE-179,Wayne,31179,9595,Y
108,NE-181,Webster,31181,3812,Y
108,NE-183,Wheeler,31183,818,Y
108,NE-185,York,31185,13665,Y
108,NH-001,Belknap,33001,60088,N
108,NH-003,Carroll,33003,47818,Y
108,NH-005,Cheshire,33005,77117,Y
108,NH-007,Coos,33007,33055,Y
108,NH-009,Grafton,33009,89118,Y
108,NH-011,Hillsborough,33011,400721,N
108,NH-013,Merrimack,33013,146445,N
108,NH-015,Rockingham,33015,295223,N
108,NH-017,Strafford,33017,123143,N
108,NJ-001,Atlantic,34001,274549,N
108,NJ-005,Burlington,34005,448734,N
108,NJ-007,Camden,34007,513657,N
108,NJ-009,Cape May,34009,97265,N
108,NJ-011,Cumberland,34011,156898,N
108,NJ-015,Gloucester,34015,288288,N
108,NJ-019,Hunterdon,34019,128349,N
108,NJ-025,Monmouth,34025,630380,N
108,NJ-027,Morris,34027,492276,N
108,NJ-029,Ocean,34029,576567,N
108,NJ-031,Passaic,34031,501226,N
108,NJ-033,Salem,34033,66083,N
108,NJ-035,Somerset,34035,323444,N
108,NJ-037,Sussex,34037,149265,N
108,NJ-041,Warren,34041,108692,N
108,NM-001,Bernalillo,35001,662564,N
108,NM-003,Catron,35003,3725,Y
108,NM-005,Chaves,35005,65645,Y
108,NM-006,Cibola,35006,27213,Y
108,NM-007,Colfax,35007,13750,Y
108,NM-009,Curry,35009,48376,Y
108,NM-011,De Baca,35011,2022,Y
108,NM-013,Doña Ana,35013,209233,Y
108,NM-015,Eddy,35015,53829,Y
108,NM-017,Grant,35017,29514,Y
108,NM-019,Guadalupe,35019,4687,Y
108,NM-021,Harding,35021,695,Y
108,NM-023,Hidalgo,35023,4894,Y
108,NM-025,Lea,35025,64727,Y
108,NM-027,Lincoln,35027,20497,Y
108,NM-028,Los Alamos,35028,17950,Y
108,NM-029,Luna,35029,25095,Y
108,NM-031,McKinley,35031,71492,Y
108,NM-033,Mora,35033,4881,Y
108,NM-035,Otero,35035,63797,Y
108,NM-037,Quay,35037,9041,Y
108,NM-039,Rio Arriba,35039,40246,Y
108,NM-041,Roosevelt,35041,19846,Y
108,NM-043,Sandoval,35043,131561,N
108,NM-045,San Juan,35045,130044,Y
108,NM-047,San Miguel,35047,29393,Y
108,NM-049,Santa Fe,35049,144170,Y
108,NM-051,Sierra,35051,11988,Y
108,NM-053,Socorro,35053,17866,Y
108,NM-055,Taos,35055,32937,Y
108,NM-057,Torrance,35057,16383,Y
108,NM-059,Union,35059,4549,Y
108,NM-061,Valencia,35061,76569,Y
108,NV-001,Churchill,32001,24877,N
108,NV-003,Clark,32003,1951269,N
108,NV-005,Douglas,32005,46997,N
108,NV-007,Elko,32007,48818,N
108,NV-009,Esmeralda,32009,783,Y
108,NV-011,Eureka,32011,1987,N
108,NV-013,Humboldt,32013,16528,N
108,NV-015,Lander,32015,5775,N
108,NV-017,Lincoln,32017,5345,Y
108,NV-019,Lyon,32019,51980,N
108,NV-021,Mineral,32021,4772,Y
108,NV-023,Nye,32023,43946,Y
108,NV-027,Pershing,32027,6753,N
108,NV-029,Storey,32029,4010,N
108,NV-031,Washoe,32031,421407,N
108,NV-033,White Pine,32033,10030,N
108,NY-003,Allegany,36003,48946,Y
108,NY-007,Broome,36007,200600,Y
108,NY-009,Cattaraugus,36009,80317,Y
108,NY-011,Cayuga,36011,80026,N
108,NY-013,Chautauqua,36013,134905,Y
108,NY-015,Chemung,36015,88830,Y
108,NY-017,Chenango,36017,50477,N
108,NY-019,Clinton,36019,82128,Y
108,NY-021,Columbia,36021,63096,N
108,NY-023,Cortland,36023,49336,N
108,NY-025,Delaware,36025,47980,N
108,NY-027,Dutchess,36027,297488,N
108,NY-029,Erie,36029,919040,N
108,NY-031,Essex,36031,39370,Y
108,NY-033,Franklin,36033,51599,Y
108,NY-035,Fulton,36035,55531,N
108,NY-037,Genesee,36037,60079,N
108,NY-039,Greene,36039,49221,N
108,NY-041,Hamilton,36041,4836,N
108,NY-043,Herkimer,36043,64519,N
108,NY-045,Jefferson,36045,116229,Y
108,NY-049,Lewis,36049,27087,Y
108,NY-051,Livingston,36051,65393,N
108,NY-053,Madison,36053,73442,N
108,NY-055,Monroe,36055,744344,N
108,NY-057,Montgomery,36057,50219,N
108,NY-063,Niagara,36063,216469,N
108,NY-065,Oneida,36065,234878,N
108,NY-071,Orange,36071,372813,N
108,NY-073,Orleans,36073,42883,N
108,NY-075,Oswego,36075,122109,N
108,NY-077,Otsego,36077,62259,N
108,NY-079,Putnam,36079,99710,N
108,NY-083,Rensselaer,36083,159429,N
108,NY-087,Rockland,36087,311687,N
108,NY-089,St. Lawrence,36089,111944,Y
108,NY-091,Saratoga,36091,219607,N
108,NY-095,Schoharie,36095,32749,N
108,NY-097,Schuyler,36097,18343,N
108,NY-099,Seneca,36099,35251,N
108,NY-101,Steuben,36101,98990,N
108,NY-103,Suffolk,36103,1493350,N
108,NY-105,Sullivan,36105,77547,N
108,NY-107,Tioga,36107,51125,Y
108,NY-109,Tompkins,36109,101564,N
108,NY-111,Ulster,36111,182493,N
108,NY-113,Warren,36113,65707,N
108,NY-115,Washington,36115,63216,N
108,NY-117,Wayne,36117,93772,N
108,NY-119,Westchester,36119,949113,N
108,NY-121,Wyoming,36121,42155,N
108,NY-123,Yates,36123,25348,N
108,OH-001,Adams,39001,28550,N
108,OH-005,Ashland,39005,53139,Y
108,OH-009,Athens,39009,64757,N
108,OH-013,Belmont,39013,70400,Y
108,OH-015,Brown,39015,44846,N
108,OH-019,Carroll,39019,28836,N
108,OH-025,Clermont,39025,197363,N
108,OH-027,Clinton,39027,42040,N
108,OH-031,Coshocton,39031,36901,Y
108,OH-037,Darke,39037,52959,Y
108,OH-039,Defiance,39039,39037,N
108,OH-043,Erie,39043,77079,N
108,OH-045,Fairfield,39045,146156,N
108,OH-047,Fayette,39047,29030,N
108,OH-051,Fulton,39051,42698,N
108,OH-053,Gallia,39053,30934,N
108,OH-059,Guernsey,39059,40087,N
108,OH-061,Hamilton,39061,802374,N
108,OH-063,Hancock,39063,74782,N
108,OH-067,Harrison,39067,15864,Y
108,OH-069,Henry,39069,28215,N
108,OH-071,Highland,39071,43589,N
108,OH-073,Hocking,39073,29380,N
108,OH-075,Holmes,39075,42366,Y
108,OH-077,Huron,39077,59626,N
108,OH-079,Jackson,39079,33225,N
108,OH-081,Jefferson,39081,69709,Y
108,OH-083,Knox,39083,60921,Y
108,OH-085,Lake,39085,230041,N
108,OH-087,Lawrence,39087,62450,N
108,OH-089,Licking,39089,166492,Y
108,OH-093,Lorain,39093,301356,N
108,OH-097,Madison,39097,43435,N
108,OH-103,Medina,39103,172332,N
108,OH-105,Meigs,39105,23770,N
108,OH-107,Mercer,39107,40814,Y
108,OH-111,Monroe,39111,14642,Y
108,OH-115,Morgan,39115,15054,N
108,OH-117,Morrow,39117,34827,Y
108,OH-119,Muskingum,39119,86074,N
108,OH-121,Noble,39121,14645,N
108,OH-123,Ottawa,39123,41428,N
108,OH-125,Paulding,39125,19614,N
108,OH-127,Perry,39127,36058,N
108,OH-129,Pickaway,39129,55698,N
108,OH-131,Pike,39131,28709,N
108,OH-137,Putnam,39137,34499,Y
108,OH-139,Richland,39139,124475,Y
108,OH-141,Ross,39141,78064,N
108,OH-143,Sandusky,39143,60944,N
108,OH-145,Scioto,39145,79499,N
108,OH-151,Stark,39151,375586,N
108,OH-157,Tuscarawas,39157,92582,Y
108,OH-163,Vinton,39163,13435,N
108,OH-167,Washington,39167,61778,N
108,OH-169,Wayne,39169,114520,Y
108,OH-171,Williams,39171,37642,N
108,OH-173,Wood,39173,125488,N
108,OK-001,Adair,40001,22683,N
108,OK-003,Alfalfa,40003,5642,Y
108,OK-007,Beaver,40007,5636,Y
108,OK-009,Beckham,40009,22119,Y
108,OK-013,Bryan,40013,42416,Y
108,OK-015,Caddo,40015,29600,Y
108,OK-021,Cherokee,40021,46987,N
108,OK-023,Choctaw,40023,15205,Y
108,OK-025,Cimarron,40025,2475,Y
108,OK-027,Cleveland,40027,255755,N
108,OK-031,Comanche,40031,124098,N
108,OK-033,Cotton,40033,6193,Y
108,OK-035,Craig,40035,15029,Y
108,OK-041,Delaware,40041,41487,N
108,OK-043,Dewey,40043,4810,Y
108,OK-045,Ellis,40045,4151,Y
108,OK-047,Garfield,40047,60580,Y
108,OK-051,Grady,40051,52431,N
108,OK-053,Grant,40053,4527,Y
108,OK-055,Greer,40055,6239,Y
108,OK-057,Harmon,40057,2922,Y
108,OK-059,Harper,40059,3685,Y
108,OK-061,Haskell,40061,12769,Y
108,OK-063,Hughes,40063,14003,Y
108,OK-065,Jackson,40065,26446,Y
108,OK-067,Jefferson,40067,6472,Y
108,OK-071,Kay,40071,46562,Y
108,OK-073,Kingfisher,40073,15034,Y
108,OK-075,Kiowa,40075,9446,Y
108,OK-079,Le Flore,40079,50384,Y
108,OK-081,Lincoln,40081,34273,N
108,OK-083,Logan,40083,41848,N
108,OK-085,Love,40085,9423,Y
108,OK-087,McClain,40087,34506,N
108,OK-089,McCurtain,40089,33151,Y
108,OK-091,McIntosh,40091,20252,Y
108,OK-093,Major,40093,7527,Y
108,OK-097,Mayes,40097,41259,N
108,OK-101,Muskogee,40101,70990,Y
108,OK-103,Noble,40103,11561,Y
108,OK-105,Nowata,40105,10536,Y
108,OK-113,Osage,40113,47472,N
108,OK-115,Ottawa,40115,31848,Y
108,OK-117,Pawnee,40117,16577,Y
108,OK-121,Pittsburg,40121,45837,Y
108,OK-123,Pontotoc,40123,37492,Y
108,OK-125,Pottawatomie,40125,69442,N
108,OK-129,Roger Mills,40129,3647,Y
108,OK-131,Rogers,40131,86905,N
108,OK-133,Seminole,40133,25482,Y
108,OK-135,Sequoyah,40135,42391,Y
108,OK-137,Stephens,40137,45048,Y
108,OK-139,Texas,40139,20640,Y
108,OK-141,Tillman,40141,7992,Y
108,OK-145,Wagoner,40145,73085,N
108,OK-147,Washington,40147,50976,Y
108,OK-149,Washita,40149,11629,Y
108,OK-151,Woods,40151,8878,Y
108,OK-153,Woodward,40153,20081,Y
108,OR-001,Baker,41001,16134,Y
108,OR-003,Benton,41003,85579,N
108,OR-005,Clackamas,41005,375992,N
108,OR-007,Clatsop,41007,37039,N
108,OR-009,Columbia,41009,49351,N
108,OR-011,Coos,41011,63043,N
108,OR-013,Crook,41013,20978,Y
108,OR-015,Curry,41015,22364,N
108,OR-017,Deschutes,41017,157733,Y
108,OR-019,Douglas,41019,107667,N
108,OR-021,Gilliam,41021,1871,Y
108,OR-023,Grant,41023,7445,Y
108,OR-025,Harney,41025,7422,Y
108,OR-027,Hood River,41027,22346,Y
108,OR-029,Jackson,41029,203206,N
108,OR-031,Jefferson,41031,21720,Y
108,OR-033,Josephine,41033,82713,N
108,OR-035,Klamath,41035,66380,Y
108,OR-037,Lake,41037,7895,Y
108,OR-039,Lane,41039,351715,N
108,OR-041,Lincoln,41041,46034,N
108,OR-043,Linn,41043,116672,N
108,OR-045,Malheur,41045,31313,Y
108,OR-047,Marion,41047,315335,N
108,OR-049,Morrow,41049,11173,Y
108,OR-051,Multnomah,41051,735334,N
108,OR-055,Sherman,41055,1765,Y
108,OR-057,Tillamook,41057,25250,N
108,OR-059,Umatilla,41059,75889,Y
108,OR-061,Union,41061,25748,Y
108,OR-063,Wallowa,41063,7008,Y
108,OR-065,Wasco,41065,25213,Y
108,OR-067,Washington,41067,529710,N
108,OR-069,Wheeler,41069,1441,Y
108,OR-071,Yamhill,41071,99193,N
108,PA-001,Adams,42001,101407,N
108,PA-005,Armstrong,42005,68941,N
108,PA-009,Bedford,42009,49762,Y
108,PA-011,Berks,42011,411442,N
108,PA-013,Blair,42013,127089,Y
108,PA-015,Bradford,42015,62622,Y
108,PA-017,Bucks,42017,625249,N
108,PA-019,Butler,42019,183862,N
108,PA-021,Cambria,42021,143679,Y
108,PA-023,Cameron,42023,5085,Y
108,PA-027,Centre,42027,153990,Y
108,PA-029,Chester,42029,498886,N
108,PA-031,Clarion,42031,39988,N
108,PA-033,Clearfield,42033,81642,Y
108,PA-035,Clinton,42035,39238,Y
108,PA-037,Columbia,42037,67295,Y
108,PA-039,Crawford,42039,88765,N
108,PA-041,Cumberland,42041,235406,N
108,PA-043,Dauphin,42043,268100,N
108,PA-047,Elk,42047,31946,Y
108,PA-051,Fayette,42051,136606,N
108,PA-053,Forest,42053,7716,N
108,PA-055,Franklin,42055,149618,N
108,PA-057,Fulton,42057,14845,N
108,PA-059,Greene,42059,38686,N
108,PA-061,Huntingdon,42061,45913,Y
108,PA-063,Indiana,42063,88880,N
108,PA-065,Jefferson,42065,45200,Y
108,PA-067,Juniata,42067,24636,N
108,PA-069,Lackawanna,42069,214437,N
108,PA-071,Lancaster,42071,519445,N
108,PA-075,Lebanon,42075,133568,N
108,PA-077,Lehigh,42077,349497,N
108,PA-081,Lycoming,42081,116111,Y
108,PA-083,McKean,42083,43450,Y
108,PA-085,Mercer,42085,116638,N
108,PA-089,Monroe,42089,169842,N
108,PA-093,Montour,42093,18267,Y
108,PA-095,Northampton,42095,297735,N
108,PA-097,Northumberland,42097,94528,Y
108,PA-099,Perry,42099,45969,N
108,PA-103,Pike,42103,57369,Y
108,PA-105,Potter,42105,17457,Y
108,PA-107,Schuylkill,42107,148289,Y
108,PA-109,Snyder,42109,39702,Y
108,PA-111,Somerset,42111,77742,Y
108,PA-113,Sullivan,42113,6428,Y
108,PA-115,Susquehanna,42115,43356,Y
108,PA-117,Tioga,42117,41981,Y
108,PA-119,Union,42119,44947,Y
108,PA-121,Venango,42121,54984,N
108,PA-123,Warren,42123,41815,N
108,PA-125,Washington,42125,207820,N
108,PA-127,Wayne,42127,52822,Y
108,PA-129,Westmoreland,42129,365169,N
108,PA-131,Wyoming,42131,28276,Y
108,PA-133,York,42133,434972,N
108,PR-003,Aguada,72003,41959,N
108,PR-005,Aguadilla,72005,60949,N
108,PR-011,Añasco,72011,29261,N
108,PR-023,Cabo Rojo,72023,50917,N
108,PR-037,Ceiba,72037,13631,N
108,PR-053,Fajardo,72053,36993,N
108,PR-067,Hormigueros,72067,17250,N
108,PR-071,Isabela,72071,45631,N
108,PR-079,Lajas,72079,25753,N
108,PR-097,Mayagüez,72097,89080,N
108,PR-099,Moca,72099,40109,N
108,PR-117,Rincón,72117,15200,N
108,PR-125,San Germán,72125,35527,N
108,PR-147,Vieques,72147,9301,N
108,RI-007,Providence,44007,626667,N
108,RI-009,Washington,44009,126979,N
108,SC-001,Abbeville,45001,25417,Y
108,SC-003,Aiken,45003,160099,N
108,SC-005,Allendale,45005,10419,Y
108,SC-007,Anderson,45007,187126,N
108,SC-009,Bamberg,45009,15987,Y
108,SC-011,Barnwell,45011,22621,Y
108,SC-013,Beaufort,45013,162233,Y
108,SC-015,Berkeley,45015,177843,N
108,SC-017,Calhoun,45017,15175,Y
108,SC-019,Charleston,45019,350209,N
108,SC-021,Cherokee,45021,55342,N
108,SC-023,Chester,45023,33140,Y
108,SC-025,Chesterfield,45025,46734,Y
108,SC-027,Clarendon,45027,34971,Y
108,SC-029,Colleton,45029,38892,N
108,SC-031,Darlington,45031,68681,Y
108,SC-033,Dillon,45033,32062,Y
108,SC-035,Dorchester,45035,136555,N
108,SC-037,Edgefield,45037,26985,N
108,SC-039,Fairfield,45039,23956,Y
108,SC-041,Florence,45041,136885,Y
108,SC-043,Georgetown,45043,60158,Y
108,SC-045,Greenville,45045,451225,N
108,SC-047,Greenwood,45047,69661,Y
108,SC-049,Hampton,45049,21090,Y
108,SC-051,Horry,45051,269291,Y
108,SC-053,Jasper,45053,24777,Y
108,SC-055,Kershaw,45055,61697,Y
108,SC-057,Lancaster,45057,76652,Y
108,SC-059,Laurens,45059,66537,Y
108,SC-061,Lee,45061,19220,Y
108,SC-063,Lexington,45063,262391,N
108,SC-065,McCormick,45065,10233,Y
108,SC-067,Marion,45067,33062,Y
108,SC-069,Marlboro,45069,28933,Y
108,SC-071,Newberry,45071,37508,Y
108,SC-073,Oconee,45073,74273,N
108,SC-075,Orangeburg,45075,92501,Y
108,SC-077,Pickens,45077,119224,N
108,SC-079,Richland,45079,384504,N
108,SC-081,Saluda,45081,19875,Y
108,SC-083,Spartanburg,45083,284307,N
108,SC-085,Sumter,45085,107456,Y
108,SC-087,Union,45087,28961,N
108,SC-089,Williamsburg,45089,34423,Y
108,SC-091,York,45091,226073,Y
108,SD-003,Aurora,46003,2710,Y
108,SD-005,Beadle,46005,17398,Y
108,SD-007,Bennett,46007,3431,Y
108,SD-009,Bon Homme,46009,7070,Y
108,SD-011,Brookings,46011,31965,Y
108,SD-013,Brown,46013,36531,Y
108,SD-015,Brule,46015,5255,Y
108,SD-017,Buffalo,46017,1912,Y
108,SD-019,Butte,46019,10110,Y
108,SD-021,Campbell,46021,1466,Y
108,SD-023,Charles Mix,46023,9129,Y
108,SD-025,Clark,46025,3691,Y
108,SD-027,Clay,46027,13864,Y
108,SD-029,Codington,46029,27227,Y
108,SD-031,Corson,46031,4050,Y
108,SD-033,Custer,46033,8216,Y
108,SD-035,Davison,46035,19504,Y
108,SD-037,Day,46037,5710,Y
108,SD-039,Deuel,46039,4364,Y
108,SD-041,Dewey,46041,5301,Y
108,SD-043,Douglas,46043,3002,Y
108,SD-045,Edmunds,46045,4071,Y
108,SD-047,Fall River,46047,7094,Y
108,SD-049,Faulk,46049,2364,Y
108,SD-051,Grant,46051,7356,Y
108,SD-053,Gregory,46053,4271,Y
108,SD-055,Haakon,46055,1937,Y
108,SD-057,Hamlin,46057,5903,Y
108,SD-059,Hand,46059,3431,Y
108,SD-061,Hanson,46061,3331,Y
108,SD-063,Harding,46063,1255,Y
108,SD-065,Hughes,46065,17022,Y
108,SD-067,Hutchinson,46067,7343,Y
108,SD-069,Hyde,46069,1420,Y
108,SD-071,Jackson,46071,3031,Y
108,SD-073,Jerauld,46073,2071,Y
108,SD-075,Jones,46075,1006,Y
108,SD-077,Kingsbury,46077,5148,Y
108,SD-081,Lawrence,46081,24097,Y
108,SD-085,Lyman,46085,3755,Y
108,SD-087,McCook,46087,5618,Y
108,SD-089,McPherson,46089,2459,Y
108,SD-091,Marshall,46091,4656,Y
108,SD-093,Meade,46093,25434,Y
108,SD-095,Mellette,46095,2048,Y
108,SD-097,Miner,46097,2389,Y
108,SD-102,Oglala Lakota,46102,13586,Y
108,SD-103,Pennington,46103,100948,Y
108,SD-105,Perkins,46105,2982,Y
108,SD-107,Potter,46107,2329,Y
108,SD-109,Roberts,46109,10149,Y
108,SD-111,Sanborn,46111,2355,Y
108,SD-115,Spink,46115,6415,Y
108,SD-117,Stanley,46117,2966,Y
108,SD-119,Sully,46119,1373,Y
108,SD-121,Todd,46121,9612,Y
108,SD-123,Tripp,46123,5644,Y
108,SD-125,Turner,46125,8347,Y
108,SD-127,Union,46127,14399,Y
108,SD-129,Walworth,46129,5438,Y
108,SD-135,Yankton,46135,22438,Y
108,SD-137,Ziebach,46137,2801,Y
108,TN-003,Bedford,47003,45058,Y
108,TN-005,Benton,47005,16489,N
108,TN-007,Bledsoe,47007,12876,N
108,TN-009,Blount,47009,123010,N
108,TN-011,Bradley,47011,98963,N
108,TN-013,Campbell,47013,40716,N
108,TN-015,Cannon,47015,13801,Y
108,TN-017,Carroll,47017,28522,N
108,TN-019,Carter,47019,57424,N
108,TN-021,Cheatham,47021,39105,N
108,TN-023,Chester,47023,17131,N
108,TN-025,Claiborne,47025,32213,N
108,TN-027,Clay,47027,7861,N
108,TN-029,Cocke,47029,35662,Y
108,TN-031,Coffee,47031,52796,Y
108,TN-035,Cumberland,47035,56053,N
108,TN-037,Davidson,47037,626681,N
108,TN-039,Decatur,47039,11757,N
108,TN-041,DeKalb,47041,18723,Y
108,TN-043,Dickson,47043,49666,N
108,TN-045,Dyer,47045,38335,N
108,TN-047,Fayette,47047,38413,N
108,TN-049,Fentress,47049,17959,N
108,TN-051,Franklin,47051,41052,Y
108,TN-053,Gibson,47053,49683,N
108,TN-055,Giles,47055,29485,Y
108,TN-057,Grainger,47057,22657,Y
108,TN-059,Greene,47059,68831,N
108,TN-061,Grundy,47061,13703,Y
108,TN-063,Hamblen,47063,62544,Y
108,TN-065,Hamilton,47065,336463,N
108,TN-067,Hancock,47067,6819,Y
108,TN-069,Hardeman,47069,27253,N
108,TN-071,Hardin,47071,26026,N
108,TN-073,Hawkins,47073,56833,N
108,TN-075,Haywood,47075,18787,N
108,TN-077,Henderson,47077,27769,N
108,TN-079,Henry,47079,32330,N
108,TN-081,Hickman,47081,24690,Y
108,TN-083,Houston,47083,8426,Y
108,TN-085,Humphreys,47085,18538,Y
108,TN-087,Jackson,47087,11638,N
108,TN-089,Jefferson,47089,51407,Y
108,TN-091,Johnson,47091,18244,Y
108,TN-095,Lake,47095,7832,N
108,TN-097,Lauderdale,47097,27815,N
108,TN-099,Lawrence,47099,41869,Y
108,TN-101,Lewis,47101,12161,Y
108,TN-103,Lincoln,47103,33361,N
108,TN-105,Loudon,47105,48556,N
108,TN-107,McMinn,47107,52266,N
108,TN-109,McNairy,47109,26075,N
108,TN-111,Macon,47111,22248,N
108,TN-113,Madison,47113,98294,N
108,TN-115,Marion,47115,28237,N
108,TN-117,Marshall,47117,30617,Y
108,TN-119,Maury,47119,80956,Y
108,TN-121,Meigs,47121,11753,N
108,TN-123,Monroe,47123,44519,N
108,TN-125,Montgomery,47125,172331,N
108,TN-127,Moore,47127,6362,Y
108,TN-129,Morgan,47129,21987,N
108,TN-131,Obion,47131,31807,N
108,TN-133,Overton,47133,22083,N
108,TN-135,Perry,47135,7915,Y
108,TN-137,Pickett,47137,5077,N
108,TN-139,Polk,47139,16825,N
108,TN-141,Putnam,47141,72321,N
108,TN-143,Rhea,47143,31809,N
108,TN-145,Roane,47145,54181,N
108,TN-147,Robertson,47147,66283,N
108,TN-149,Rutherford,47149,262604,N
108,TN-151,Scott,47151,22228,N
108,TN-153,Sequatchie,47153,14112,N
108,TN-155,Sevier,47155,89889,Y
108,TN-159,Smith,47159,19166,Y
108,TN-161,Stewart,47161,13324,Y
108,TN-163,Sullivan,47163,156823,N
108,TN-165,Sumner,47165,160645,N
108,TN-167,Tipton,47167,61081,N
108,TN-169,Trousdale,47169,7870,N
108,TN-171,Unicoi,47171,18313,N
108,TN-175,Van Buren,47175,5548,Y
108,TN-177,Warren,47177,39839,Y
108,TN-179,Washington,47179,122979,N
108,TN-181,Wayne,47181,17021,Y
108,TN-183,Weakley,47183,35021,N
108,TN-185,White,47185,25841,Y
108,TN-189,Wilson,47189,113993,N
108,TX-001,Anderson,48001,58458,Y
108,TX-003,Andrews,48003,14786,Y
108,TX-005,Angelina,48005,86771,Y
108,TX-007,Aransas,48007,23158,Y
108,TX-009,Archer,48009,9054,Y
108,TX-011,Armstrong,48011,1901,Y
108,TX-013,Atascosa,48013,44911,N
108,TX-015,Austin,48015,28417,Y
108,TX-017,Bailey,48017,7165,Y
108,TX-019,Bandera,48019,20485,Y
108,TX-021,Bastrop,48021,74171,Y
108,TX-023,Baylor,48023,3726,Y
108,TX-025,Bee,48025,31861,Y
108,TX-027,Bell,48027,310235,N
108,TX-029,Bexar,48029,1714773,N
108,TX-031,Blanco,48031,10497,Y
108,TX-033,Borden,48033,641,Y
108,TX-035,Bosque,48035,18212,Y
108,TX-037,Bowie,48037,92565,Y
108,TX-039,Brazoria,48039,313166,N
108,TX-043,Brewster,48043,9232,Y
108,TX-045,Briscoe,48045,1637,Y
108,TX-047,Brooks,48047,7223,Y
108,TX-049,Brown,48049,38106,Y
108,TX-051,Burleson,48051,17187,Y
108,TX-053,Burnet,48053,42750,Y
108,TX-055,Caldwell,48055,38066,Y
108,TX-057,Calhoun,48057,21381,Y
108,TX-059,Callahan,48059,13544,Y
108,TX-061,Cameron,48061,406220,N
108,TX-063,Camp,48063,12401,Y
108,TX-065,Carson,48065,6182,Y
108,TX-067,Cass,48067,30464,Y
108,TX-069,Castro,48069,8062,Y
108,TX-071,Chambers,48071,35096,N
108,TX-073,Cherokee,48073,50845,Y
108,TX-075,Childress,48075,7041,Y
108,TX-077,Clay,48077,10752,Y
108,TX-079,Cochran,48079,3127,Y
108,TX-081,Coke,48081,3320,Y
108,TX-083,Coleman,48083,8895,Y
108,TX-085,Collin,48085,782341,N
108,TX-087,Collingsworth,48087,3057,Y
108,TX-089,Colorado,48089,20874,Y
108,TX-091,Comal,48091,108472,N
108,TX-093,Comanche,48093,13974,Y
108,TX-095,Concho,48095,4087,Y
108,TX-097,Cooke,48097,38437,Y
108,TX-099,Coryell,48099,75388,N
108,TX-101,Cottle,48101,1505,Y
108,TX-103,Crane,48103,4375,Y
108,TX-105,Crockett,48105,3719,Y
108,TX-107,Crosby,48107,6059,Y
108,TX-109,Culberson,48109,2398,Y
108,TX-111,Dallam,48111,6703,Y
108,TX-115,Dawson,48115,13833,Y
108,TX-117,Deaf Smith,48117,19372,Y
108,TX-119,Delta,48119,5231,Y
108,TX-121,Denton,48121,662614,N
108,TX-123,DeWitt,48123,20097,Y
108,TX-125,Dickens,48125,2444,Y
108,TX-127,Dimmit,48127,9996,Y
108,TX-129,Donley,48129,3677,Y
108,TX-131,Duval,48131,11782,Y
108,TX-133,Eastland,48133,18583,Y
108,TX-135,Ector,48135,137130,Y
108,TX-137,Edwards,48137,2002,Y
108,TX-139,Ellis,48139,149610,N
108,TX-141,El Paso,48141,800647,N
108,TX-143,Erath,48143,37890,Y
108,TX-145,Falls,48145,17866,N
108,TX-147,Fannin,48147,33915,Y
108,TX-149,Fayette,48149,24554,Y
108,TX-151,Fisher,48151,3974,Y
108,TX-153,Floyd,48153,6446,Y
108,TX-155,Foard,48155,1336,Y
108,TX-157,Fort Bend,48157,585375,N
108,TX-159,Franklin,48159,10605,Y
108,TX-161,Freestone,48161,19816,Y
108,TX-163,Frio,48163,17217,Y
108,TX-165,Gaines,48165,17526,Y
108,TX-167,Galveston,48167,291309,N
108,TX-169,Garza,48169,6461,Y
108,TX-171,Gillespie,48171,24837,Y
108,TX-173,Glasscock,48173,1226,Y
108,TX-175,Goliad,48175,7210,Y
108,TX-177,Gonzales,48177,19807,Y
108,TX-179,Gray,48179,22535,Y
108,TX-183,Gregg,48183,121730,Y
108,TX-185,Grimes,48185,26604,Y
108,TX-187,Guadalupe,48187,131533,N
108,TX-189,Hale,48189,36273,Y
108,TX-191,Hall,48191,3353,Y
108,TX-193,Hamilton,48193,8517,Y
108,TX-195,Hansford,48195,5613,Y
108,TX-197,Hardeman,48197,4139,Y
108,TX-199,Hardin,48199,54635,Y
108,TX-201,Harris,48201,4092459,N
108,TX-203,Harrison,48203,65631,Y
108,TX-205,Hartley,48205,6062,Y
108,TX-207,Haskell,48207,5899,Y
108,TX-209,Hays,48209,157107,N
108,TX-211,Hemphill,48211,3807,Y
108,TX-213,Henderson,48213,78532,Y
108,TX-215,Hidalgo,48215,774769,N
108,TX-217,Hill,48217,35089,Y
108,TX-219,Hockley,48219,22935,Y
108,TX-221,Hood,48221,51182,N
108,TX-223,Hopkins,48223,35161,Y
108,TX-225,Houston,48225,23732,Y
108,TX-227,Howard,48227,35012,Y
108,TX-229,Hudspeth,48229,3476,Y
108,TX-231,Hunt,48231,86129,Y
108,TX-233,Hutchinson,48233,22150,Y
108,TX-235,Irion,48235,1599,Y
108,TX-237,Jack,48237,9044,Y
108,TX-239,Jackson,48239,14075,Y
108,TX-241,Jasper,48241,35710,Y
108,TX-243,Jeff Davis,48243,2342,Y
108,TX-245,Jefferson,48245,252273,Y
108,TX-247,Jim Hogg,48247,5300,Y
108,TX-249,Jim Wells,48249,40838,Y
108,TX-251,Johnson,48251,150934,N
108,TX-253,Jones,48253,20202,Y
108,TX-255,Karnes,48255,14824,Y
108,TX-257,Kaufman,48257,103350,N
108,TX-259,Kendall,48259,33410,Y
108,TX-261,Kenedy,48261,416,Y
108,TX-263,Kent,48263,808,Y
108,TX-265,Kerr,48265,49625,Y
108,TX-267,Kimble,48267,4607,Y
108,TX-269,King,48269,286,Y
108,TX-271,Kinney,48271,3598,Y
108,TX-273,Kleberg,48273,32061,Y
108,TX-275,Knox,48275,3719,Y
108,TX-277,Lamar,48277,49793,Y
108,TX-279,Lamb,48279,13977,Y
108,TX-281,Lampasas,48281,19677,Y
108,TX-283,La Salle,48283,6886,Y
108,TX-285,Lavaca,48285,19263,Y
108,TX-287,Lee,48287,16612,Y
108,TX-289,Leon,48289,16801,Y
108,TX-291,Liberty,48291,75643,N
108,TX-293,Limestone,48293,23384,Y
108,TX-295,Lipscomb,48295,3302,Y
108,TX-297,Live Oak,48297,11531,Y
108,TX-299,Llano,48299,19301,Y
108,TX-301,Loving,48301,82,Y
108,TX-305,Lynn,48305,5915,Y
108,TX-307,McCulloch,48307,8283,Y
108,TX-311,McMullen,48311,707,Y
108,TX-313,Madison,48313,13664,Y
108,TX-315,Marion,48315,10546,Y
108,TX-317,Martin,48317,4799,Y
108,TX-319,Mason,48319,4012,Y
108,TX-321,Matagorda,48321,36702,Y
108,TX-323,Maverick,48323,54258,Y
108,TX-325,Medina,48325,46006,Y
108,TX-327,Menard,48327,2242,Y
108,TX-329,Midland,48329,136872,Y
108,TX-331,Milam,48331,24757,N
108,TX-335,Mitchell,48335,9403,Y
108,TX-337,Montague,48337,19719,Y
108,TX-339,Montgomery,48339,455746,N
108,TX-341,Moore,48341,21904,Y
108,TX-343,Morris,48343,12934,Y
108,TX-345,Motley,48345,1210,Y
108,TX-347,Nacogdoches,48347,64524,Y
108,TX-349,Navarro,48349,47735,Y
108,TX-351,Newton,48351,14445,Y
108,TX-353,Nolan,48353,15216,Y
108,TX-355,Nueces,48355,340223,Y
108,TX-357,Ochiltree,48357,10223,Y
108,TX-359,Oldham,48359,2052,Y
108,TX-361,Orange,48361,81837,Y
108,TX-363,Palo Pinto,48363,28111,Y
108,TX-365,Panola,48365,23796,Y
108,TX-367,Parker,48367,116927,N
108,TX-369,Parmer,48369,10269,Y
108,TX-371,Pecos,48371,15507,Y
108,TX-373,Polk,48373,45413,Y
108,TX-375,Potter,48375,121073,Y
108,TX-377,Presidio,48377,7818,Y
108,TX-379,Rains,48379,10914,Y
108,TX-381,Randall,48381,120725,Y
108,TX-383,Reagan,48383,3367,Y
108,TX-385,Real,48385,3309,Y
108,TX-387,Red River,48387,12860,Y
108,TX-389,Reeves,48389,13783,Y
108,TX-391,Refugio,48391,7383,Y
108,TX-393,Roberts,48393,929,Y
108,TX-395,Robertson,48395,16622,Y
108,TX-399,Runnels,48399,10501,Y
108,TX-401,Rusk,48401,53330,Y
108,TX-403,Sabine,48403,10834,Y
108,TX-405,San Augustine,48405,8865,Y
108,TX-407,San Jacinto,48407,26384,Y
108,TX-409,San Patricio,48409,64804,Y
108,TX-411,San Saba,48411,6131,Y
108,TX-413,Schleicher,48413,3461,Y
108,TX-415,Scurry,48415,16921,Y
108,TX-417,Shackelford,48417,3378,Y
108,TX-419,Shelby,48419,25448,Y
108,TX-421,Sherman,48421,3034,Y
108,TX-423,Smith,48423,209714,Y
108,TX-425,Somervell,48425,8490,Y
108,TX-427,Starr,48427,60968,N
108,TX-429,Stephens,48429,9630,Y
108,TX-431,Sterling,48431,1143,Y
108,TX-433,Stonewall,48433,1490,Y
108,TX-435,Sutton,48435,4128,Y
108,TX-437,Swisher,48437,7854,Y
108,TX-443,Terrell,48443,984,Y
108,TX-445,Terry,48445,12651,Y
108,TX-447,Throckmorton,48447,1641,Y
108,TX-449,Titus,48449,32334,Y
108,TX-451,Tom Green,48451,110224,Y
108,TX-453,Travis,48453,1024266,N
108,TX-455,Trinity,48455,14585,Y
108,TX-457,Tyler,48457,21766,Y
108,TX-459,Upshur,48459,39309,Y
108,TX-461,Upton,48461,3355,Y
108,TX-463,Uvalde,48463,26405,Y
108,TX-465,Val Verde,48465,48879,Y
108,TX-467,Van Zandt,48467,52579,Y
108,TX-469,Victoria,48469,86793,Y
108,TX-471,Walker,48471,67861,Y
108,TX-473,Waller,48473,43205,N
108,TX-475,Ward,48475,10658,Y
108,TX-479,Webb,48479,250304,Y
108,TX-481,Wharton,48481,41280,Y
108,TX-483,Wheeler,48483,5410,Y
108,TX-487,Wilbarger,48487,13535,Y
108,TX-489,Willacy,48489,22134,N
108,TX-491,Williamson,48491,422679,N
108,TX-493,Wilson,48493,42918,Y
108,TX-495,Winkler,48495,7110,Y
108,TX-497,Wise,48497,59127,N
108,TX-499,Wood,48499,41964,Y
108,TX-501,Yoakum,48501,7879,Y
108,TX-503,Young,48503,18550,Y
108,TX-505,Zapata,48505,14018,Y
108,TX-507,Zavala,48507,11677,Y
108,UT-001,Beaver,49001,6629,Y
108,UT-003,Box Elder,49003,49975,Y
108,UT-005,Cache,49005,112656,Y
108,UT-007,Carbon,49007,21403,Y
108,UT-009,Daggett,49009,1059,Y
108,UT-011,Davis,49011,306479,N
108,UT-013,Duchesne,49013,18607,Y
108,UT-015,Emery,49015,10976,Y
108,UT-017,Garfield,49017,5172,Y
108,UT-019,Grand,49019,9225,Y
108,UT-021,Iron,49021,46163,Y
108,UT-023,Juab,49023,10246,Y
108,UT-025,Kane,49025,7125,Y
108,UT-027,Millard,49027,12503,Y
108,UT-029,Morgan,49029,9469,Y
108,UT-031,Piute,49031,1556,Y
108,UT-033,Rich,49033,2264,Y
108,UT-037,San Juan,49037,14746,Y
108,UT-039,Sanpete,49039,27822,Y
108,UT-041,Sevier,49041,20802,Y
108,UT-043,Summit,49043,36324,Y
108,UT-045,Tooele,49045,58218,N
108,UT-047,Uintah,49047,32588,Y
108,UT-049,Utah,49049,516564,N
108,UT-051,Wasatch,49051,23530,Y
108,UT-053,Washington,49053,138115,Y
108,UT-055,Wayne,49055,2778,Y
108,UT-057,Weber,49057,231236,N
108,VA-001,Accomack,51001,33164,Y
108,VA-005,Alleghany,51005,16250,Y
108,VA-007,Amelia,51007,12690,Y
108,VA-009,Amherst,51009,32353,Y
108,VA-011,Appomattox,51011,14973,Y
108,VA-015,Augusta,51015,73750,Y
108,VA-017,Bath,51017,4731,Y
108,VA-019,Bedford,51019,74898,Y
108,VA-021,Bland,51021,6824,N
108,VA-023,Botetourt,51023,33148,Y
108,VA-025,Brunswick,51025,17434,Y
108,VA-027,Buchanan,51027,24098,N
108,VA-029,Buckingham,51029,17146,Y
108,VA-031,Campbell,51031,54842,Y
108,VA-033,Caroline,51033,28545,Y
108,VA-035,Carroll,51035,30042,Y
108,VA-036,Charles City,51036,7256,N
108,VA-037,Charlotte,51037,12586,Y
108,VA-041,Chesterfield,51041,316236,N
108,VA-043,Clarke,51043,14034,N
108,VA-047,Culpeper,51047,46689,Y
108,VA-049,Cumberland,51049,10052,Y
108,VA-051,Dickenson,51051,15903,N
108,VA-053,Dinwiddie,51053,28001,Y
108,VA-057,Essex,51057,11151,N
108,VA-061,Fauquier,51061,65203,N
108,VA-063,Floyd,51063,15279,Y
108,VA-067,Franklin,51067,56159,Y
108,VA-069,Frederick,51069,78305,N
108,VA-071,Giles,51071,17286,Y
108,VA-073,Gloucester,51073,36858,N
108,VA-075,Goochland,51075,21717,N
108,VA-077,Grayson,51077,15533,Y
108,VA-081,Greensville,51081,12243,Y
108,VA-083,Halifax,51083,36241,Y
108,VA-085,Hanover,51085,99863,N
108,VA-087,Henrico,51087,306935,N
108,VA-089,Henry,51089,54151,Y
108,VA-091,Highland,51091,2321,Y
108,VA-093,Isle of Wight,51093,35270,N
108,VA-095,James City,51095,67009,N
108,VA-097,King and Queen,51097,6945,N
108,VA-099,King George,51099,23584,Y
108,VA-101,King William,51101,15935,N
108,VA-103,Lancaster,51103,11391,N
108,VA-105,Lee,51105,25587,N
108,VA-107,Loudoun,51107,312311,N
108,VA-109,Louisa,51109,33153,Y
108,VA-111,Lunenburg,51111,12914,Y
108,VA-113,Madison,51113,13308,Y
108,VA-115,Mathews,51115,8978,N
108,VA-117,Mecklenburg,51117,32727,Y
108,VA-119,Middlesex,51119,10959,N
108,VA-121,Montgomery,51121,94392,Y
108,VA-125,Nelson,51125,15020,Y
108,VA-127,New Kent,51127,18429,N
108,VA-131,Northampton,51131,12389,Y
108,VA-133,Northumberland,51133,12330,N
108,VA-135,Nottoway,51135,15853,Y
108,VA-137,Orange,51137,33481,Y
108,VA-139,Page,51139,24042,N
108,VA-141,Patrick,51141,18490,Y
108,VA-143,Pittsylvania,51143,63506,Y
108,VA-145,Powhatan,51145,28046,N
108,VA-147,Prince Edward,51147,23368,Y
108,VA-149,Prince George,51149,35725,Y
108,VA-153,Prince William,51153,402002,N
108,VA-155,Pulaski,51155,34872,Y
108,VA-157,Rappahannock,51157,7373,N
108,VA-159,Richmond,51159,9254,N
108,VA-163,Rockbridge,51163,22307,Y
108,VA-167,Russell,51167,28897,N
108,VA-169,Scott,51169,23177,N
108,VA-171,Shenandoah,51171,41993,N
108,VA-173,Smyth,51173,32208,N
108,VA-175,Southampton,51175,18570,N
108,VA-177,Spotsylvania,51177,122397,Y
108,VA-179,Stafford,51179,128961,Y
108,VA-181,Surry,51181,7058,N
108,VA-183,Sussex,51183,12087,Y
108,VA-185,Tazewell,51185,45078,N
108,VA-187,Warren,51187,37575,N
108,VA-191,Washington,51191,54876,N
108,VA-193,Westmoreland,51193,17454,Y
108,VA-195,Wise,51195,41452,N
108,VA-197,Wythe,51197,29235,Y
108,VA-199,York,51199,65464,N
108,VA-520,Bristol,51520,17835,N
108,VA-530,Buena Vista,51530,6650,Y
108,VA-570,Colonial Heights,51570,17411,Y
108,VA-580,Covington,51580,5961,Y
108,VA-590,Danville,51590,43055,Y
108,VA-595,Emporia,51595,5927,Y
108,VA-620,Franklin,51620,8582,N
108,VA-630,Fredericksburg,51630,24286,Y
108,VA-640,Galax,51640,7042,Y
108,VA-670,Hopewell City,51670,22591,Y
108,VA-678,Lexington,51678,7042,Y
108,VA-680,Lynchburg,51680,75568,Y
108,VA-690,Martinsville,51690,13821,Y
108,VA-720,Norton,51720,3958,N
108,VA-730,Petersburg,51730,32420,Y
108,VA-750,Radford,51750,16408,Y
108,VA-760,Richmond,51760,204214,N
108,VA-800,Suffolk,51800,84585,N
108,VA-810,Virginia Beach,51810,437994,N
108,VA-830,Williamsburg,51830,14068,N
108,VA-840,Winchester,51840,26203,N
108,VT-001,Addison,50001,36821,Y
108,VT-003,Bennington,50003,37125,N
108,VT-005,Caledonia,50005,31227,Y
108,VT-007,Chittenden,50007,156545,Y
108,VT-009,Essex,50009,6306,Y
108,VT-011,Franklin,50011,47746,Y
108,VT-013,Grand Isle,50013,6970,Y
108,VT-017,Orange,50017,28936,Y
108,VT-019,Orleans,50019,27231,Y
108,VT-021,Rutland,50021,61642,Y
108,VT-023,Washington,50023,59534,Y
108,VT-025,Windham,50025,44513,Y
108,VT-027,Windsor,50027,56670,Y
108,WA-001,Adams,53001,18728,Y
108,WA-003,Asotin,53003,21623,Y
108,WA-005,Benton,53005,175177,Y
108,WA-007,Chelan,53007,72453,Y
108,WA-009,Clallam,53009,71404,N
108,WA-011,Clark,53011,425363,N
108,WA-013,Columbia,53013,4078,Y
108,WA-015,Cowlitz,53015,102410,N
108,WA-017,Douglas,53017,38431,Y
108,WA-019,Ferry,53019,7551,Y
108,WA-021,Franklin,53021,78163,Y
108,WA-023,Garfield,53023,2266,Y
108,WA-025,Grant,53025,89120,Y
108,WA-027,Grays Harbor,53027,72797,Y
108,WA-029,Island,53029,78506,Y
108,WA-031,Jefferson,53031,29872,N
108,WA-033,King,53033,1931249,N
108,WA-037,Kittitas,53037,40915,Y
108,WA-039,Klickitat,53039,20318,Y
108,WA-041,Lewis,53041,75455,Y
108,WA-043,Lincoln,53043,10570,Y
108,WA-045,Mason,53045,60699,Y
108,WA-047,Okanogan,53047,41120,Y
108,WA-049,Pacific,53049,20920,Y
108,WA-051,Pend Oreille,53051,13001,Y
108,WA-053,Pierce,53053,795225,N
108,WA-057,Skagit,53057,116901,Y
108,WA-059,Skamania,53059,11066,Y
108,WA-061,Snohomish,53061,713335,N
108,WA-065,Stevens,53065,43531,Y
108,WA-067,Thurston,53067,252264,Y
108,WA-069,Wahkiakum,53069,3978,N
108,WA-071,Walla Walla,53071,58781,Y
108,WA-073,Whatcom,53073,201140,Y
108,WA-075,Whitman,53075,44776,Y
108,WA-077,Yakima,53077,243231,Y
108,WI-001,Adams,55001,20875,Y
108,WI-003,Ashland,55003,16157,Y
108,WI-005,Barron,55005,45870,Y
108,WI-007,Bayfield,55007,15014,Y
108,WI-009,Brown,55009,248007,Y
108,WI-011,Buffalo,55011,13587,Y
108,WI-013,Burnett,55013,15457,Y
108,WI-015,Calumet,55015,48971,Y
108,WI-017,Chippewa,55017,62415,Y
108,WI-019,Clark,55019,34690,Y
108,WI-021,Columbia,55021,56833,Y
108,WI-023,Crawford,55023,16644,Y
108,WI-025,Dane,55025,488073,Y
108,WI-027,Dodge,55027,88759,Y
108,WI-029,Door,55029,27785,Y
108,WI-031,Douglas,55031,44159,Y
108,WI-033,Dunn,55033,43857,Y
108,WI-035,Eau Claire,55035,98736,Y
108,WI-037,Florence,55037,4423,Y
108,WI-039,Fond du Lac,55039,101633,Y
108,WI-041,Forest,55041,9304,Y
108,WI-043,Grant,55043,51208,Y
108,WI-045,Green,55045,36842,Y
108,WI-047,Green Lake,55047,19051,Y
108,WI-049,Iowa,55049,23687,Y
108,WI-051,Iron,55051,5916,Y
108,WI-053,Jackson,55053,20449,Y
108,WI-055,Jefferson,55055,83686,Y
108,WI-057,Juneau,55057,26664,Y
108,WI-059,Kenosha,55059,166426,Y
108,WI-061,Kewaunee,55061,20574,Y
108,WI-063,La Crosse,55063,114638,Y
108,WI-065,Lafayette,55065,16836,Y
108,WI-067,Langlade,55067,19977,Y
108,WI-069,Lincoln,55069,28743,Y
108,WI-071,Manitowoc,55071,81442,Y
108,WI-073,Marathon,55073,134063,Y
108,WI-075,Marinette,55075,41749,Y
108,WI-077,Marquette,55077,15404,Y
108,WI-078,Menominee,55078,4232,Y
108,WI-081,Monroe,55081,44673,Y
108,WI-083,Oconto,55083,37660,Y
108,WI-085,Oneida,55085,35998,Y
108,WI-087,Outagamie,55087,176695,Y
108,WI-089,Ozaukee,55089,86395,N
108,WI-091,Pepin,55091,7469,Y
108,WI-093,Pierce,55093,41019,Y
108,WI-095,Polk,55095,44205,Y
108,WI-097,Portage,55097,70019,Y
108,WI-099,Price,55099,14159,Y
108,WI-101,Racine,55101,195408,Y
108,WI-103,Richland,55103,18021,Y
108,WI-105,Rock,55105,160331,N
108,WI-107,Rusk,55107,14755,Y
108,WI-109,St. Croix,55109,84345,N
108,WI-111,Sauk,55111,61976,Y
108,WI-113,Sawyer,55113,16557,Y
108,WI-115,Shawano,55115,41949,Y
108,WI-117,Sheboygan,55117,115507,Y
108,WI-119,Taylor,55119,20689,Y
108,WI-121,Trempealeau,55121,28816,Y
108,WI-123,Vernon,55123,29773,Y
108,WI-125,Vilas,55125,21430,Y
108,WI-127,Walworth,55127,102228,Y
108,WI-129,Washburn,55129,15911,Y
108,WI-131,Washington,55131,131887,N
108,WI-133,Waukesha,55133,389891,N
108,WI-135,Waupaca,55135,52410,Y
108,WI-137,Waushara,55137,24496,Y
108,WI-139,Winnebago,55139,166994,Y
108,WI-141,Wood,55141,74749,Y
108,WV-001,Barbour,54001,16589,N
108,WV-003,Berkeley,54003,104169,N
108,WV-005,Boone,54005,24629,N
108,WV-007,Braxton,54007,14523,N
108,WV-009,Brooke,54009,24069,Y
108,WV-011,Cabell,54011,96319,N
108,WV-013,Calhoun,54013,7627,N
108,WV-015,Clay,54015,9386,N
108,WV-017,Doddridge,54017,8202,N
108,WV-019,Fayette,54019,46039,N
108,WV-021,Gilmer,54021,8693,N
108,WV-023,Grant,54023,11937,N
108,WV-025,Greenbrier,54025,35480,Y
108,WV-027,Hampshire,54027,23964,N
108,WV-029,Hancock,54029,30676,Y
108,WV-031,Hardy,54031,14025,N
108,WV-033,Harrison,54033,69099,N
108,WV-035,Jackson,54035,29211,N
108,WV-037,Jefferson,54037,53498,N
108,WV-039,Kanawha,54039,193063,N
108,WV-041,Lewis,54041,16372,N
108,WV-043,Lincoln,54043,21720,N
108,WV-045,Logan,54045,36743,N
108,WV-047,McDowell,54047,22113,N
108,WV-049,Marion,54049,56418,N
108,WV-051,Marshall,54051,33107,Y
108,WV-053,Mason,54053,27324,N
108,WV-055,Mercer,54055,62264,N
108,WV-057,Mineral,54057,28212,N
108,WV-059,Mingo,54059,26839,N
108,WV-061,Monongalia,54061,96189,N
108,WV-063,Monroe,54063,13502,Y
108,WV-065,Morgan,54065,17541,N
108,WV-067,Nicholas,54067,26233,N
108,WV-069,Ohio,54069,44443,Y
108,WV-071,Pendleton,54071,7695,Y
108,WV-073,Pleasants,54073,7605,N
108,WV-075,Pocahontas,54075,8719,Y
108,WV-077,Preston,54077,33520,N
108,WV-079,Putnam,54079,55486,N
108,WV-081,Raleigh,54081,78859,N
108,WV-083,Randolph,54083,29405,N
108,WV-085,Ritchie,54085,10449,N
108,WV-087,Roane,54087,14926,N
108,WV-089,Summers,54089,13927,N
108,WV-091,Taylor,54091,16895,N
108,WV-093,Tucker,54093,7141,N
108,WV-095,Tyler,54095,9208,Y
108,WV-097,Upshur,54097,24254,N
108,WV-099,Wayne,54099,42481,N
108,WV-101,Webster,54101,9154,N
108,WV-103,Wetzel,54103,16583,Y
108,WV-105,Wirt,54105,5717,N
108,WV-107,Wood,54107,86956,N
108,WV-109,Wyoming,54109,23796,N
108,WY-001,Albany,56001,36299,Y
108,WY-003,Big Horn,56003,11668,Y
108,WY-005,Campbell,56005,46133,Y
108,WY-007,Carbon,56007,15885,Y
108,WY-009,Converse,56009,13833,Y
108,WY-011,Crook,56011,7083,Y
108,WY-013,Fremont,56013,40123,Y
108,WY-015,Goshen,56015,13249,Y
108,WY-017,Hot Springs,56017,4812,Y
108,WY-019,Johnson,56019,8569,Y
108,WY-021,Laramie,56021,91738,Y
108,WY-023,Lincoln,56023,18106,Y
108,WY-025,Natrona,56025,75450,Y
108,WY-027,Niobrara,56027,2484,Y
108,WY-029,Park,56029,28205,Y
108,WY-031,Platte,56031,8667,Y
108,WY-033,Sheridan,56033,29116,Y
108,WY-035,Sublette,56035,10247,Y
108,WY-037,Sweetwater,56037,43806,Y
108,WY-039,Teton,56039,21294,Y
108,WY-041,Uinta,56041,21118,Y
108,WY-043,Washakie,56043,8533,Y
108,WY-045,Weston,56045,7208,Y
